PRAGMA foreign_keys = on;

--Utilizador
INSERT INTO Utilizador(ID,nome,email,password,username,data_nascimento,morada,foto_perfil) VALUES (1,'Darlene Sanders','bmorrow@icloud.com','MBEwSiL!7O','Edendajan','1985-12-24','777 Brockton Avenue, Abington MA 2351','profile1.png');
INSERT INTO Utilizador(ID,nome,email,password,username,data_nascimento,morada,foto_perfil) VALUES (2,'Lorraine Bowman','imightb@msn.com','n*GgOTi','Ocendaveth','1982-12-04','30 Memorial Drive, Avon MA 2322','profile2.png');
INSERT INTO Utilizador(ID,nome,email,password,username,data_nascimento,morada,foto_perfil) VALUES (3,'Pamela Patrick','uraeus@sbcglobal.net','3JuHq-JLl','Heawyth','2006-11-29','250 Hartford Avenue, Bellingham MA 2019','profile3.png');
INSERT INTO Utilizador(ID,nome,email,password,username,data_nascimento,morada,foto_perfil) VALUES (4,'Casey Simmons','mschilli@icloud.com','hT2O$OtU+v','Cadigonyth','1980-03-30','700 Oak Street, Brockton MA 2301','profile4.png');
INSERT INTO Utilizador(ID,nome,email,password,username,data_nascimento,morada,foto_perfil) VALUES (5,'Rafael Wallace','tlinden@verizon.net','k17laa*X0*X$','Nendasien','2014-03-18','66-4 Parkhurst Rd, Chelmsford MA 1824','profile5.png');
INSERT INTO Utilizador(ID,nome,email,password,username,data_nascimento,morada,foto_perfil) VALUES (6,'Margarita Vaughn','reeds@msn.com','9p?%q2','Eloalith','1980-10-22','591 Memorial Dr, Chicopee MA 1020','profile6.png');
INSERT INTO Utilizador(ID,nome,email,password,username,data_nascimento,morada,foto_perfil) VALUES (7,'Cora Strickland','slanglois@aol.com','Yz80nB91TQ','Ceclya','1987-01-05','55 Brooksby Village Way, Danvers MA 1923','profile7.png');
INSERT INTO Utilizador(ID,nome,email,password,username,data_nascimento,morada,foto_perfil) VALUES (8,'Oliver Rhodes','ijackson@yahoo.ca','vBxBEu7~2','Agroelith','1982-07-21','137 Teaticket Hwy, East Falmouth MA 2536','profile8.png');
INSERT INTO Utilizador(ID,nome,email,password,username,data_nascimento,morada,foto_perfil) VALUES (9,'Dana Dunn','specprog@verizon.net','A?2a&Y*6pzI1','Wicirewyr','2016-03-31','42 Fairhaven Commons Way, Fairhaven MA 2719','profile9.png');
INSERT INTO Utilizador(ID,nome,email,password,username,data_nascimento,morada,foto_perfil) VALUES (10,'Eddie Stanley','mjewell@live.com','tZ@g1~','Astelathien','1998-07-08','374 William S Canning Blvd, Fall River MA 2721','profile10.png');
INSERT INTO Utilizador(ID,nome,email,password,username,data_nascimento,morada,foto_perfil) VALUES (11,'Cary Davidson','madanm@verizon.net','EpMfTB3Dbz','Umohac','2010-08-23','121 Worcester Rd, Framingham MA 1701','profile11.png');
INSERT INTO Utilizador(ID,nome,email,password,username,data_nascimento,morada,foto_perfil) VALUES (12,'Ralph Aguilar','fmtbebuck@comcast.net','YKQF6kx%b','Dwoekin','2008-04-29','677 Timpany Blvd, Gardner MA 1440','profile12.png');
INSERT INTO Utilizador(ID,nome,email,password,username,data_nascimento,morada,foto_perfil) VALUES (13,'Jay Butler','zyghom@hotmail.com','omWrL%4','Kedometh','2010-11-07','337 Russell St, Hadley MA 1035','profile13.png');
INSERT INTO Utilizador(ID,nome,email,password,username,data_nascimento,morada,foto_perfil) VALUES (14,'Francis Hardy','subir@gmail.com','1T*zDNw7VF24','Eloiviel','1998-01-01','295 Plymouth Street, Halifax MA 2338','profile14.png');
INSERT INTO Utilizador(ID,nome,email,password,username,data_nascimento,morada,foto_perfil) VALUES (15,'Darrel Diaz','ryanvm@comcast.net','l!MqxbO7L2','Fraebard','1984-10-18','1775 Washington St, Hanover MA 2339','profile15.png');
INSERT INTO Utilizador(ID,nome,email,password,username,data_nascimento,morada,foto_perfil) VALUES (16,'Meredith Horton','grady@sbcglobal.net','U41HMuv344jf','Brulith','1979-12-14','280 Washington Street, Hudson MA 1749','profile16.png');
INSERT INTO Utilizador(ID,nome,email,password,username,data_nascimento,morada,foto_perfil) VALUES (17,'Alfonso Garza','seanq@att.net','vu8@37Mh','Legywyr','1991-08-20','20 Soojian Dr, Leicester MA 1524','profile17.png');
INSERT INTO Utilizador(ID,nome,email,password,username,data_nascimento,morada,foto_perfil) VALUES (18,'Elmer Berry','bhtower@live.com','T!t7=ogaY','Kaeidda','1988-07-27','11 Jungle Road, Leominster MA 1453','profile18.png');
INSERT INTO Utilizador(ID,nome,email,password,username,data_nascimento,morada,foto_perfil) VALUES (19,'Jasmine Smith','sinclair@att.net','9sr41lK5_t','Reranad','1995-02-16','301 Massachusetts Ave, Lunenburg MA 1462','profile19.png');
INSERT INTO Utilizador(ID,nome,email,password,username,data_nascimento,morada,foto_perfil) VALUES (20,'Olivia Rios','emmanuel@hotmail.com','VUiawtde84g','Jereraniel','1995-08-30','780 Lynnway, Lynn MA 1905','profile20.png');
INSERT INTO Utilizador(ID,nome,email,password,username,data_nascimento,morada,foto_perfil) VALUES (21,'Seth Watkins','afifi@verizon.net','NS7%Z%BIf','Dwaewan','1978-12-12','70 Pleasant Valley Street, Methuen MA 1844','profile21.png');
INSERT INTO Utilizador(ID,nome,email,password,username,data_nascimento,morada,foto_perfil) VALUES (22,'Elsa	Bennett','chaki@verizon.net','DejsC0','Rhethiel','2005-03-09','830 Curran Memorial Hwy, North Adams MA 1247','profile22.png');
INSERT INTO Utilizador(ID,nome,email,password,username,data_nascimento,morada,foto_perfil) VALUES (23,'Kerry Briggs','matty@comcast.net','7P8ZM*tSQ8TF','Olomakor','1981-08-01','1470 S Washington St, North Attleboro MA 2760','profile23.png');
INSERT INTO Utilizador(ID,nome,email,password,username,data_nascimento,morada,foto_perfil) VALUES (24,'Sonya Russell','gboss@sbcglobal.net','g4i^H3~coHqW','Haithien','2013-04-07','506 State Road, North Dartmouth MA 2747','profile24.png');
INSERT INTO Utilizador(ID,nome,email,password,username,data_nascimento,morada,foto_perfil) VALUES (25,'Leo Allison','guialbu@msn.com','Jjl4n~jIXw','Araodric','2007-06-14','742 Main Street, North Oxford MA 1537','profile25.png');
INSERT INTO Utilizador(ID,nome,email,password,username,data_nascimento,morada,foto_perfil) VALUES (26,'Nettie Palmer','malvar@hotmail.com','NB2sU01G','Rhendra','2006-07-09','72 Main St, North Reading MA 1864','profile26.png');
INSERT INTO Utilizador(ID,nome,email,password,username,data_nascimento,morada,foto_perfil) VALUES (27,'Tamara Edwards','bsikdar@yahoo.com','jkG+F9D_*8?','Adwyrd','1990-03-27','200 Otis Street, Northborough MA 1532','profile27.png');
INSERT INTO Utilizador(ID,nome,email,password,username,data_nascimento,morada,foto_perfil) VALUES (28,'Jean Moreno','crowl@verizon.net','W676a@9d$y','Adrilaand','2011-09-11','180 North King Street, Northhampton MA 1060','profile28.png');
INSERT INTO Utilizador(ID,nome,email,password,username,data_nascimento,morada,foto_perfil) VALUES (29,'Raul Daniels','csilvers@icloud.com','1xYi~=','Dwirallan','1998-07-31','555 East Main St, Orange MA 1364','profile29.png');
INSERT INTO Utilizador(ID,nome,email,password,username,data_nascimento,morada,foto_perfil) VALUES (30,'Austin Hicks','hllam@yahoo.com','PAAgC8Q','Perrakath','2013-12-04','555 Hubbard Ave-Suite 12, Pittsfield MA 1201','profile30.png');
INSERT INTO Utilizador(ID,nome,email,password,username,data_nascimento,morada,foto_perfil) VALUES (31,'Elias Simpson','munge@yahoo.ca','jD60w8g~C','Caderraldan','1992-01-01','300 Colony Place, Plymouth MA 2360','profile31.png');
INSERT INTO Utilizador(ID,nome,email,password,username,data_nascimento,morada,foto_perfil) VALUES (32,'Silvia Perez','squirrel@aol.com','tQjW1W$2rP','Eriliwen','1998-04-09','301 Falls Blvd, Quincy MA 2169','profile32.png');
INSERT INTO Utilizador(ID,nome,email,password,username,data_nascimento,morada,foto_perfil) VALUES (33,'Darrin Conner','darin@att.net','6k8NGLwhn4v8','Ethiebaen','1994-05-06','36 Paramount Drive, Raynham MA 2767','profile33.png');
INSERT INTO Utilizador(ID,nome,email,password,username,data_nascimento,morada,foto_perfil) VALUES (34,'Elsie Perkins','oracle@live.com','13^GH8','Zoclya','1996-11-02','450 Highland Ave, Salem MA 1970','profile34.png');
INSERT INTO Utilizador(ID,nome,email,password,username,data_nascimento,morada,foto_perfil) VALUES (35,'Marcus Dennis','specprog@att.net','sju7eQXkx','Galirajar','1988-03-05','1180 Fall River Avenue, Seekonk MA 2771','profile35.png');
INSERT INTO Utilizador(ID,nome,email,password,username,data_nascimento,morada,foto_perfil) VALUES (36,'Billy Banks','bdbrown@msn.com','2JW0L3','Nydarevia','2008-11-14','1105 Boston Road, Springfield MA 1119','profile36.png');
INSERT INTO Utilizador(ID,nome,email,password,username,data_nascimento,morada,foto_perfil) VALUES (37,'Natalie Parks','gator@mac.com','u1@5DgX=','Adroag','2014-08-03','100 Charlton Road, Sturbridge MA 1566','profile37.png');
INSERT INTO Utilizador(ID,nome,email,password,username,data_nascimento,morada,foto_perfil) VALUES (38,'Edith Black','lauronen@att.net','0C63&83~YMD-','Galuand','1976-04-26','262 Swansea Mall Dr, Swansea MA 2777','profile38.png');
INSERT INTO Utilizador(ID,nome,email,password,username,data_nascimento,morada,foto_perfil) VALUES (39,'Elvira Ellis','emmanuel@att.net','BFWUuE','Rhavia','1979-07-07','333 Main Street, Tewksbury MA 1876','profile39.png');
INSERT INTO Utilizador(ID,nome,email,password,username,data_nascimento,morada,foto_perfil) VALUES (40,'Earnest Valdez','kewley@verizon.net','g5GH180Oz','Dwohath','2012-09-18','550 Providence Hwy, Walpole MA 2081','profile40.png');

--SeguirUtilizador
INSERT INTO SeguirUtilizador(IDseguidor,IDseguido) VALUES (1,7);
INSERT INTO SeguirUtilizador(IDseguidor,IDseguido) VALUES (1,18);
INSERT INTO SeguirUtilizador(IDseguidor,IDseguido) VALUES (1,36);
INSERT INTO SeguirUtilizador(IDseguidor,IDseguido) VALUES (2,16);
INSERT INTO SeguirUtilizador(IDseguidor,IDseguido) VALUES (3,13);
INSERT INTO SeguirUtilizador(IDseguidor,IDseguido) VALUES (3,10);
INSERT INTO SeguirUtilizador(IDseguidor,IDseguido) VALUES (4,3);
INSERT INTO SeguirUtilizador(IDseguidor,IDseguido) VALUES (5,11);
INSERT INTO SeguirUtilizador(IDseguidor,IDseguido) VALUES (5,20);
INSERT INTO SeguirUtilizador(IDseguidor,IDseguido) VALUES (5,4);
INSERT INTO SeguirUtilizador(IDseguidor,IDseguido) VALUES (6,21);
INSERT INTO SeguirUtilizador(IDseguidor,IDseguido) VALUES (6,27);
INSERT INTO SeguirUtilizador(IDseguidor,IDseguido) VALUES (9,10);
INSERT INTO SeguirUtilizador(IDseguidor,IDseguido) VALUES (9,8);
INSERT INTO SeguirUtilizador(IDseguidor,IDseguido) VALUES (9,30);
INSERT INTO SeguirUtilizador(IDseguidor,IDseguido) VALUES (10,11);
INSERT INTO SeguirUtilizador(IDseguidor,IDseguido) VALUES (10,23);
INSERT INTO SeguirUtilizador(IDseguidor,IDseguido) VALUES (11,28);
INSERT INTO SeguirUtilizador(IDseguidor,IDseguido) VALUES (11,16);
INSERT INTO SeguirUtilizador(IDseguidor,IDseguido) VALUES (11,10);
INSERT INTO SeguirUtilizador(IDseguidor,IDseguido) VALUES (12,23);
INSERT INTO SeguirUtilizador(IDseguidor,IDseguido) VALUES (12,19);
INSERT INTO SeguirUtilizador(IDseguidor,IDseguido) VALUES (13,8);
INSERT INTO SeguirUtilizador(IDseguidor,IDseguido) VALUES (14,17);
INSERT INTO SeguirUtilizador(IDseguidor,IDseguido) VALUES (15,3);
INSERT INTO SeguirUtilizador(IDseguidor,IDseguido) VALUES (15,30);
INSERT INTO SeguirUtilizador(IDseguidor,IDseguido) VALUES (15,14);
INSERT INTO SeguirUtilizador(IDseguidor,IDseguido) VALUES (16,40);
INSERT INTO SeguirUtilizador(IDseguidor,IDseguido) VALUES (18,39);
INSERT INTO SeguirUtilizador(IDseguidor,IDseguido) VALUES (20,11);
INSERT INTO SeguirUtilizador(IDseguidor,IDseguido) VALUES (20,14);
INSERT INTO SeguirUtilizador(IDseguidor,IDseguido) VALUES (20,7);
INSERT INTO SeguirUtilizador(IDseguidor,IDseguido) VALUES (21,20);
INSERT INTO SeguirUtilizador(IDseguidor,IDseguido) VALUES (21,37);
INSERT INTO SeguirUtilizador(IDseguidor,IDseguido) VALUES (21,34);
INSERT INTO SeguirUtilizador(IDseguidor,IDseguido) VALUES (22,11);
INSERT INTO SeguirUtilizador(IDseguidor,IDseguido) VALUES (22,37);
INSERT INTO SeguirUtilizador(IDseguidor,IDseguido) VALUES (23,26);
INSERT INTO SeguirUtilizador(IDseguidor,IDseguido) VALUES (24,5);
INSERT INTO SeguirUtilizador(IDseguidor,IDseguido) VALUES (25,17);
INSERT INTO SeguirUtilizador(IDseguidor,IDseguido) VALUES (25,26);
INSERT INTO SeguirUtilizador(IDseguidor,IDseguido) VALUES (25,7);
INSERT INTO SeguirUtilizador(IDseguidor,IDseguido) VALUES (26,34);
INSERT INTO SeguirUtilizador(IDseguidor,IDseguido) VALUES (27,5);
INSERT INTO SeguirUtilizador(IDseguidor,IDseguido) VALUES (28,23);
INSERT INTO SeguirUtilizador(IDseguidor,IDseguido) VALUES (28,26);
INSERT INTO SeguirUtilizador(IDseguidor,IDseguido) VALUES (28,15);
INSERT INTO SeguirUtilizador(IDseguidor,IDseguido) VALUES (29,35);
INSERT INTO SeguirUtilizador(IDseguidor,IDseguido) VALUES (29,5);
INSERT INTO SeguirUtilizador(IDseguidor,IDseguido) VALUES (29,4);
INSERT INTO SeguirUtilizador(IDseguidor,IDseguido) VALUES (30,8);
INSERT INTO SeguirUtilizador(IDseguidor,IDseguido) VALUES (30,9);
INSERT INTO SeguirUtilizador(IDseguidor,IDseguido) VALUES (32,29);
INSERT INTO SeguirUtilizador(IDseguidor,IDseguido) VALUES (32,25);
INSERT INTO SeguirUtilizador(IDseguidor,IDseguido) VALUES (33,12);
INSERT INTO SeguirUtilizador(IDseguidor,IDseguido) VALUES (33,35);
INSERT INTO SeguirUtilizador(IDseguidor,IDseguido) VALUES (33,40);
INSERT INTO SeguirUtilizador(IDseguidor,IDseguido) VALUES (38,13);
INSERT INTO SeguirUtilizador(IDseguidor,IDseguido) VALUES (38,27);
INSERT INTO SeguirUtilizador(IDseguidor,IDseguido) VALUES (38,28);
INSERT INTO SeguirUtilizador(IDseguidor,IDseguido) VALUES (39,20);
INSERT INTO SeguirUtilizador(IDseguidor,IDseguido) VALUES (39,36);
INSERT INTO SeguirUtilizador(IDseguidor,IDseguido) VALUES (40,35);
INSERT INTO SeguirUtilizador(IDseguidor,IDseguido) VALUES (40,19);

--Cartao_de_credito
INSERT INTO Cartao_de_credito(numero_de_cartao,saldo,data_de_validade,ID) VALUES (4532469081678811, 43834.79, '2019-10-24', 1);
INSERT INTO Cartao_de_credito(numero_de_cartao,saldo,data_de_validade,ID) VALUES (4716669692390916, 53464.09, '2021-07-23', 2);
INSERT INTO Cartao_de_credito(numero_de_cartao,saldo,data_de_validade,ID) VALUES (4556003962277608, 20665.51, '2021-10-28', 3);
INSERT INTO Cartao_de_credito(numero_de_cartao,saldo,data_de_validade,ID) VALUES (4916936147138382, 37023.39, '2023-10-31', 4);
INSERT INTO Cartao_de_credito(numero_de_cartao,saldo,data_de_validade,ID) VALUES (4539523972003951, 41962.5, '2024-08-01', 5);
INSERT INTO Cartao_de_credito(numero_de_cartao,saldo,data_de_validade,ID) VALUES (4532471118857533, 2671.82, '2024-09-11', 6);
INSERT INTO Cartao_de_credito(numero_de_cartao,saldo,data_de_validade,ID) VALUES (4556714889965931, 36010.46, '2025-10-24', 7);
INSERT INTO Cartao_de_credito(numero_de_cartao,saldo,data_de_validade,ID) VALUES (4532740267460731, 95458.39, '2025-11-19', 8);
INSERT INTO Cartao_de_credito(numero_de_cartao,saldo,data_de_validade,ID) VALUES (4532582012996688, 53040.27, '2025-12-04', 9);
INSERT INTO Cartao_de_credito(numero_de_cartao,saldo,data_de_validade,ID) VALUES (4539103271749545, 72252.46, '2028-03-10', 10);
INSERT INTO Cartao_de_credito(numero_de_cartao,saldo,data_de_validade,ID) VALUES (4539064166122919, 67986.88, '2028-08-04', 11);
INSERT INTO Cartao_de_credito(numero_de_cartao,saldo,data_de_validade,ID) VALUES (4916703484043363, 86818.23, '2029-02-09', 12);
INSERT INTO Cartao_de_credito(numero_de_cartao,saldo,data_de_validade,ID) VALUES (4485755629055307, 61536.7, '2029-05-28', 13);
INSERT INTO Cartao_de_credito(numero_de_cartao,saldo,data_de_validade,ID) VALUES (4485226321997733, 91735.4, '2029-07-09', 14);
INSERT INTO Cartao_de_credito(numero_de_cartao,saldo,data_de_validade,ID) VALUES (4556242396728899, 73681.73, '2031-01-21', 15);
INSERT INTO Cartao_de_credito(numero_de_cartao,saldo,data_de_validade,ID) VALUES (4556354497066283, 32109.14, '2031-08-25', 16);
INSERT INTO Cartao_de_credito(numero_de_cartao,saldo,data_de_validade,ID) VALUES (4485403736578156, 88333.15, '2032-09-03', 17);
INSERT INTO Cartao_de_credito(numero_de_cartao,saldo,data_de_validade,ID) VALUES (4716298556480124, 3891.54, '2034-12-26', 18);
INSERT INTO Cartao_de_credito(numero_de_cartao,saldo,data_de_validade,ID) VALUES (4716360923608678, 43028.42, '2035-02-20', 19);
INSERT INTO Cartao_de_credito(numero_de_cartao,saldo,data_de_validade,ID) VALUES (4716684965404765, 71566.06, '2035-05-17', 20);
INSERT INTO Cartao_de_credito(numero_de_cartao,saldo,data_de_validade,ID) VALUES (4485395811777911, 37058.81, '2035-08-01', 21);
INSERT INTO Cartao_de_credito(numero_de_cartao,saldo,data_de_validade,ID) VALUES (4916766729186537, 91517.74, '2035-08-27', 22);
INSERT INTO Cartao_de_credito(numero_de_cartao,saldo,data_de_validade,ID) VALUES (4532785152625260, 52018.42, '2036-08-22', 23);
INSERT INTO Cartao_de_credito(numero_de_cartao,saldo,data_de_validade,ID) VALUES (4556684520659328, 97267.67, '2037-11-24', 24);
INSERT INTO Cartao_de_credito(numero_de_cartao,saldo,data_de_validade,ID) VALUES (4929158936549290, 66562.22, '2039-03-11', 25);
INSERT INTO Cartao_de_credito(numero_de_cartao,saldo,data_de_validade,ID) VALUES (4716824406649608, 79607.5, '2019-10-15', 26);
INSERT INTO Cartao_de_credito(numero_de_cartao,saldo,data_de_validade,ID) VALUES (4716343271484561, 30932.87, '2020-02-12', 27);
INSERT INTO Cartao_de_credito(numero_de_cartao,saldo,data_de_validade,ID) VALUES (4556431332501979, 89336.46, '2020-07-21', 28);
INSERT INTO Cartao_de_credito(numero_de_cartao,saldo,data_de_validade,ID) VALUES (4716940568511988, 12926.34, '2020-11-04', 29);
INSERT INTO Cartao_de_credito(numero_de_cartao,saldo,data_de_validade,ID) VALUES (4929335807005764, 63857.53, '2022-06-22', 30);
INSERT INTO Cartao_de_credito(numero_de_cartao,saldo,data_de_validade,ID) VALUES (4916713072247862, 36942.7, '2023-08-25', 31);
INSERT INTO Cartao_de_credito(numero_de_cartao,saldo,data_de_validade,ID) VALUES (4716120812462284, 88213.53, '2023-12-22', 32);
INSERT INTO Cartao_de_credito(numero_de_cartao,saldo,data_de_validade,ID) VALUES (4485240937707105, 8262.79, '2024-02-14', 33);
INSERT INTO Cartao_de_credito(numero_de_cartao,saldo,data_de_validade,ID) VALUES (4539644217711370, 9113.42, '2027-04-19', 34);
INSERT INTO Cartao_de_credito(numero_de_cartao,saldo,data_de_validade,ID) VALUES (4716707889625106, 18922.59, '2027-11-26', 35);
INSERT INTO Cartao_de_credito(numero_de_cartao,saldo,data_de_validade,ID) VALUES (4539594617064559, 28641.95, '2028-07-31', 36);
INSERT INTO Cartao_de_credito(numero_de_cartao,saldo,data_de_validade,ID) VALUES (4929920238499056, 56617.7, '2028-08-22', 37);
INSERT INTO Cartao_de_credito(numero_de_cartao,saldo,data_de_validade,ID) VALUES (4532683027588294, 27012.55, '2029-09-18', 38);
INSERT INTO Cartao_de_credito(numero_de_cartao,saldo,data_de_validade,ID) VALUES (4539177037438148, 3363, '2032-04-15', 39);
INSERT INTO Cartao_de_credito(numero_de_cartao,saldo,data_de_validade,ID) VALUES (4916140346362626, 4564.17, '2033-08-22', 40);

--Empresa
INSERT INTO Empresa(IDEmpresa,nome,NIF,contacto) VALUES (1,'Nintendo','123456789','211041117');
INSERT INTO Empresa(IDEmpresa,nome,NIF,contacto) VALUES (2,'Valve Corporation','524045271','731499479');
INSERT INTO Empresa(IDEmpresa,nome,NIF,contacto) VALUES (3,'Rockstar Games','566351873','966755034');
INSERT INTO Empresa(IDEmpresa,nome,NIF,contacto) VALUES (4,'Eletronic Arts','213564393','923903824');
INSERT INTO Empresa(IDEmpresa,nome,NIF,contacto) VALUES (5,'Activision Blizzard','423846104','564726863');
INSERT INTO Empresa(IDEmpresa,nome,NIF,contacto) VALUES (6,'Sony Computer Entertainment','913443821','915077467');

--Jogo
INSERT INTO Jogo(IDJogo,nome,preco,data_te_lancamento,idade_minima,IDEmpresa) VALUES (1, 'Altered Beast', 14.49, '1984-02-22', 3, 1);
INSERT INTO Jogo(IDJogo,nome,preco,data_te_lancamento,idade_minima,IDEmpresa) VALUES (2, 'Apex Legends', 0, '2014-12-26', 3, 1);
INSERT INTO Jogo(IDJogo,nome,preco,data_te_lancamento,idade_minima,IDEmpresa) VALUES (3, 'Assassin´s Creed', 29.99, '1993-03-19', 7, 1);
INSERT INTO Jogo(IDJogo,nome,preco,data_te_lancamento,idade_minima,IDEmpresa) VALUES (4, 'Battkefield 4', 21.29, '1996-04-04', 18, 1);
INSERT INTO Jogo(IDJogo,nome,preco,data_te_lancamento,idade_minima,IDEmpresa) VALUES (5, 'BattleTech', 4.49, '1998-03-04', 18, 1);
INSERT INTO Jogo(IDJogo,nome,preco,data_te_lancamento,idade_minima,IDEmpresa) VALUES (6, 'Breakout', 12.9, '2001-09-25', 16, 1);
INSERT INTO Jogo(IDJogo,nome,preco,data_te_lancamento,idade_minima,IDEmpresa) VALUES (7, 'Broken Age', 35, '2002-01-02', 3, 1);
INSERT INTO Jogo(IDJogo,nome,preco,data_te_lancamento,idade_minima,IDEmpresa) VALUES (8, 'Call of Duty: Black Ops', 19.99, '2002-05-03', 12, 2);
INSERT INTO Jogo(IDJogo,nome,preco,data_te_lancamento,idade_minima,IDEmpresa) VALUES (9, 'Call of Duty: Black Ops III', 49.99, '2004-06-30', 12, 2);
INSERT INTO Jogo(IDJogo,nome,preco,data_te_lancamento,idade_minima,IDEmpresa) VALUES (10, 'Centipede', 0, '2007-02-05', 16, 2);
INSERT INTO Jogo(IDJogo,nome,preco,data_te_lancamento,idade_minima,IDEmpresa) VALUES (11, 'Counter-Strike', 9.49, '2001-12-13', 18, 2);
INSERT INTO Jogo(IDJogo,nome,preco,data_te_lancamento,idade_minima,IDEmpresa) VALUES (12, 'CupHead', 8.6, '2004-01-30', 3, 2);
INSERT INTO Jogo(IDJogo,nome,preco,data_te_lancamento,idade_minima,IDEmpresa) VALUES (13, 'Dead Cells', 17.69, '2004-06-01', 3, 2);
INSERT INTO Jogo(IDJogo,nome,preco,data_te_lancamento,idade_minima,IDEmpresa) VALUES (14, 'Destiny', 26.49, '2004-06-29', 3, 2);
INSERT INTO Jogo(IDJogo,nome,preco,data_te_lancamento,idade_minima,IDEmpresa) VALUES (15, 'Dirt 4', 9.99, '2004-09-23', 7, 3);
INSERT INTO Jogo(IDJogo,nome,preco,data_te_lancamento,idade_minima,IDEmpresa) VALUES (16, 'Doom', 43.39, '2007-11-27', 7, 3);
INSERT INTO Jogo(IDJogo,nome,preco,data_te_lancamento,idade_minima,IDEmpresa) VALUES (17, 'Dota 2', 0, '2008-07-25', 16, 3);
INSERT INTO Jogo(IDJogo,nome,preco,data_te_lancamento,idade_minima,IDEmpresa) VALUES (18, 'Dragon Age: Inquisition', 39.99, '2009-02-09', 18, 3);
INSERT INTO Jogo(IDJogo,nome,preco,data_te_lancamento,idade_minima,IDEmpresa) VALUES (19, 'Dragon´s Dogma', 20.99, '2010-04-02', 7, 3);
INSERT INTO Jogo(IDJogo,nome,preco,data_te_lancamento,idade_minima,IDEmpresa) VALUES (20, 'Everything', 34.99, '2012-02-28', 7, 3);
INSERT INTO Jogo(IDJogo,nome,preco,data_te_lancamento,idade_minima,IDEmpresa) VALUES (21, 'FIFA 19', 49.99, '2014-07-25', 7, 4);
INSERT INTO Jogo(IDJogo,nome,preco,data_te_lancamento,idade_minima,IDEmpresa) VALUES (22, 'FTL : Faster than Light', 15.5, '2014-05-05', 3, 4);
INSERT INTO Jogo(IDJogo,nome,preco,data_te_lancamento,idade_minima,IDEmpresa) VALUES (23, 'Fallout 76', 5.99, '2014-08-15', 12, 5);
INSERT INTO Jogo(IDJogo,nome,preco,data_te_lancamento,idade_minima,IDEmpresa) VALUES (24, 'Far Cry 5', 35.49, '2015-12-04', 12, 5);
INSERT INTO Jogo(IDJogo,nome,preco,data_te_lancamento,idade_minima,IDEmpresa) VALUES (25, 'Final Fantasy XIV', 15.5, '2015-12-30', 7, 6);

--Online
INSERT INTO Online(IDJogo) VALUES (1);
INSERT INTO Online(IDJogo) VALUES (2);
INSERT INTO Online(IDJogo) VALUES (3);
INSERT INTO Online(IDJogo) VALUES (4);
INSERT INTO Online(IDJogo) VALUES (5);
INSERT INTO Online(IDJogo) VALUES (6);
INSERT INTO Online(IDJogo) VALUES (7);
INSERT INTO Online(IDJogo) VALUES (8);
INSERT INTO Online(IDJogo) VALUES (9);
INSERT INTO Online(IDJogo) VALUES (10);
INSERT INTO Online(IDJogo) VALUES (11);
INSERT INTO Online(IDJogo) VALUES (12);
INSERT INTO Online(IDJogo) VALUES (13);
INSERT INTO Online(IDJogo) VALUES (14);
INSERT INTO Online(IDJogo) VALUES (15);

--Offline
INSERT INTO Offline(IDJogo) VALUES (16);
INSERT INTO Offline(IDJogo) VALUES (17);
INSERT INTO Offline(IDJogo) VALUES (18);
INSERT INTO Offline(IDJogo) VALUES (19);
INSERT INTO Offline(IDJogo) VALUES (20);
INSERT INTO Offline(IDJogo) VALUES (21);
INSERT INTO Offline(IDJogo) VALUES (22);
INSERT INTO Offline(IDJogo) VALUES (23);
INSERT INTO Offline(IDJogo) VALUES (24);
INSERT INTO Offline(IDJogo) VALUES (25);

--Plataforma
INSERT INTO Plataforma(IDPlataforma,nome) VALUES (1,'PC');
INSERT INTO Plataforma(IDPlataforma,nome) VALUES (2,'PlayStation 2');
INSERT INTO Plataforma(IDPlataforma,nome) VALUES (3,'PlayStation 3');
INSERT INTO Plataforma(IDPlataforma,nome) VALUES (4,'Nintendo Switch');
INSERT INTO Plataforma(IDPlataforma,nome) VALUES (5,'Xbox One X');
INSERT INTO Plataforma(IDPlataforma,nome) VALUES (6,'PlayStation 4 Pro');
INSERT INTO Plataforma(IDPlataforma,nome) VALUES (7,'Snail Mobile W3D');
INSERT INTO Plataforma(IDPlataforma,nome) VALUES (8,'OBox');
INSERT INTO Plataforma(IDPlataforma,nome) VALUES (9,'Alienware Alpha');
INSERT INTO Plataforma(IDPlataforma,nome) VALUES (10,'Xbox One');
INSERT INTO Plataforma(IDPlataforma,nome) VALUES (11,'PlayStation 4');
INSERT INTO Plataforma(IDPlataforma,nome) VALUES (12,'PlayStation Vita TV');
INSERT INTO Plataforma(IDPlataforma,nome) VALUES (13,'Nintendo 2DS');
INSERT INTO Plataforma(IDPlataforma,nome) VALUES (14,'Nvidia Shield');
INSERT INTO Plataforma(IDPlataforma,nome) VALUES (15,'Ouya');
INSERT INTO Plataforma(IDPlataforma,nome) VALUES (16,'Neo Geo X');
INSERT INTO Plataforma(IDPlataforma,nome) VALUES (17,'Nintendo Wii U');
INSERT INTO Plataforma(IDPlataforma,nome) VALUES (18,'Nintendo 3DS XL');
INSERT INTO Plataforma(IDPlataforma,nome) VALUES (19,'PlayStation Vita');
INSERT INTO Plataforma(IDPlataforma,nome) VALUES (20,'Nintendo 3DS');

--PlataformaDisponivel
INSERT INTO PlataformaDisponivel(IDPlataforma,IDJogo) VALUES (7,1);
INSERT INTO PlataformaDisponivel(IDPlataforma,IDJogo) VALUES (18,1);
INSERT INTO PlataformaDisponivel(IDPlataforma,IDJogo) VALUES (16,1);
INSERT INTO PlataformaDisponivel(IDPlataforma,IDJogo) VALUES (14,1);
INSERT INTO PlataformaDisponivel(IDPlataforma,IDJogo) VALUES (7,2);
INSERT INTO PlataformaDisponivel(IDPlataforma,IDJogo) VALUES (13,2);
INSERT INTO PlataformaDisponivel(IDPlataforma,IDJogo) VALUES (10,2);
INSERT INTO PlataformaDisponivel(IDPlataforma,IDJogo) VALUES (2,2);
INSERT INTO PlataformaDisponivel(IDPlataforma,IDJogo) VALUES (8,3);
INSERT INTO PlataformaDisponivel(IDPlataforma,IDJogo) VALUES (11,3);
INSERT INTO PlataformaDisponivel(IDPlataforma,IDJogo) VALUES (20,3);
INSERT INTO PlataformaDisponivel(IDPlataforma,IDJogo) VALUES (1,4);
INSERT INTO PlataformaDisponivel(IDPlataforma,IDJogo) VALUES (7,4);
INSERT INTO PlataformaDisponivel(IDPlataforma,IDJogo) VALUES (13,4);
INSERT INTO PlataformaDisponivel(IDPlataforma,IDJogo) VALUES (12,5);
INSERT INTO PlataformaDisponivel(IDPlataforma,IDJogo) VALUES (8,6);
INSERT INTO PlataformaDisponivel(IDPlataforma,IDJogo) VALUES (3,7);
INSERT INTO PlataformaDisponivel(IDPlataforma,IDJogo) VALUES (11,7);
INSERT INTO PlataformaDisponivel(IDPlataforma,IDJogo) VALUES (4,8);
INSERT INTO PlataformaDisponivel(IDPlataforma,IDJogo) VALUES (8,8);
INSERT INTO PlataformaDisponivel(IDPlataforma,IDJogo) VALUES (16,8);
INSERT INTO PlataformaDisponivel(IDPlataforma,IDJogo) VALUES (3,9);
INSERT INTO PlataformaDisponivel(IDPlataforma,IDJogo) VALUES (10,10);
INSERT INTO PlataformaDisponivel(IDPlataforma,IDJogo) VALUES (8,10);
INSERT INTO PlataformaDisponivel(IDPlataforma,IDJogo) VALUES (14,10);
INSERT INTO PlataformaDisponivel(IDPlataforma,IDJogo) VALUES (12,11);
INSERT INTO PlataformaDisponivel(IDPlataforma,IDJogo) VALUES (10,12);
INSERT INTO PlataformaDisponivel(IDPlataforma,IDJogo) VALUES (14,12);
INSERT INTO PlataformaDisponivel(IDPlataforma,IDJogo) VALUES (2,12);
INSERT INTO PlataformaDisponivel(IDPlataforma,IDJogo) VALUES (5,13);
INSERT INTO PlataformaDisponivel(IDPlataforma,IDJogo) VALUES (18,13);
INSERT INTO PlataformaDisponivel(IDPlataforma,IDJogo) VALUES (19,13);
INSERT INTO PlataformaDisponivel(IDPlataforma,IDJogo) VALUES (11,14);
INSERT INTO PlataformaDisponivel(IDPlataforma,IDJogo) VALUES (14,14);
INSERT INTO PlataformaDisponivel(IDPlataforma,IDJogo) VALUES (7,14);
INSERT INTO PlataformaDisponivel(IDPlataforma,IDJogo) VALUES (12,14);
INSERT INTO PlataformaDisponivel(IDPlataforma,IDJogo) VALUES (17,15);
INSERT INTO PlataformaDisponivel(IDPlataforma,IDJogo) VALUES (3,16);
INSERT INTO PlataformaDisponivel(IDPlataforma,IDJogo) VALUES (11,16);
INSERT INTO PlataformaDisponivel(IDPlataforma,IDJogo) VALUES (2,17);
INSERT INTO PlataformaDisponivel(IDPlataforma,IDJogo) VALUES (6,18);
INSERT INTO PlataformaDisponivel(IDPlataforma,IDJogo) VALUES (5,18);
INSERT INTO PlataformaDisponivel(IDPlataforma,IDJogo) VALUES (17,19);
INSERT INTO PlataformaDisponivel(IDPlataforma,IDJogo) VALUES (6,19);
INSERT INTO PlataformaDisponivel(IDPlataforma,IDJogo) VALUES (7,19);
INSERT INTO PlataformaDisponivel(IDPlataforma,IDJogo) VALUES (10,19);
INSERT INTO PlataformaDisponivel(IDPlataforma,IDJogo) VALUES (18,20);
INSERT INTO PlataformaDisponivel(IDPlataforma,IDJogo) VALUES (5,20);
INSERT INTO PlataformaDisponivel(IDPlataforma,IDJogo) VALUES (3,21);
INSERT INTO PlataformaDisponivel(IDPlataforma,IDJogo) VALUES (6,21);
INSERT INTO PlataformaDisponivel(IDPlataforma,IDJogo) VALUES (15,21);
INSERT INTO PlataformaDisponivel(IDPlataforma,IDJogo) VALUES (8,21);
INSERT INTO PlataformaDisponivel(IDPlataforma,IDJogo) VALUES (5,22);
INSERT INTO PlataformaDisponivel(IDPlataforma,IDJogo) VALUES (4,22);
INSERT INTO PlataformaDisponivel(IDPlataforma,IDJogo) VALUES (11,22);
INSERT INTO PlataformaDisponivel(IDPlataforma,IDJogo) VALUES (9,23);
INSERT INTO PlataformaDisponivel(IDPlataforma,IDJogo) VALUES (17,23);
INSERT INTO PlataformaDisponivel(IDPlataforma,IDJogo) VALUES (19,23);
INSERT INTO PlataformaDisponivel(IDPlataforma,IDJogo) VALUES (4,24);
INSERT INTO PlataformaDisponivel(IDPlataforma,IDJogo) VALUES (15,25);
INSERT INTO PlataformaDisponivel(IDPlataforma,IDJogo) VALUES (20,25);
INSERT INTO PlataformaDisponivel(IDPlataforma,IDJogo) VALUES (13,25);
INSERT INTO PlataformaDisponivel(IDPlataforma,IDJogo) VALUES (1,25);

--Genero
INSERT INTO Genero(IDGenero,nome) VALUES (1,'Platform');
INSERT INTO Genero(IDGenero,nome) VALUES (2,'Shooter');
INSERT INTO Genero(IDGenero,nome) VALUES (3,'Fighting');
INSERT INTO Genero(IDGenero,nome) VALUES (4,'Beat em up');
INSERT INTO Genero(IDGenero,nome) VALUES (5,'Stealth');
INSERT INTO Genero(IDGenero,nome) VALUES (6,'Survival horror');
INSERT INTO Genero(IDGenero,nome) VALUES (7,'Text adventures');
INSERT INTO Genero(IDGenero,nome) VALUES (8,'	Visual novels');
INSERT INTO Genero(IDGenero,nome) VALUES (9,'Action RPG');
INSERT INTO Genero(IDGenero,nome) VALUES (10,'First-person party-based RPG');
INSERT INTO Genero(IDGenero,nome) VALUES (11,'Life simulation');
INSERT INTO Genero(IDGenero,nome) VALUES (12,'Real-time strategy');
INSERT INTO Genero(IDGenero,nome) VALUES (13,'Tower defense');
INSERT INTO Genero(IDGenero,nome) VALUES (14,'Wargame');
INSERT INTO Genero(IDGenero,nome) VALUES (15,'Sports game');
INSERT INTO Genero(IDGenero,nome) VALUES (16,'Racing');
INSERT INTO Genero(IDGenero,nome) VALUES (17,'MMO');
INSERT INTO Genero(IDGenero,nome) VALUES (18,'Party game');
INSERT INTO Genero(IDGenero,nome) VALUES (19,'Casual game');
INSERT INTO Genero(IDGenero,nome) VALUES (20,'Esports');

--PossuiGenero
INSERT INTO PossuiGenero(IDGenero,IDJogo) VALUES (7,1);
INSERT INTO PossuiGenero(IDGenero,IDJogo) VALUES (18,1);
INSERT INTO PossuiGenero(IDGenero,IDJogo) VALUES (16,1);
INSERT INTO PossuiGenero(IDGenero,IDJogo) VALUES (14,1);
INSERT INTO PossuiGenero(IDGenero,IDJogo) VALUES (7,2);
INSERT INTO PossuiGenero(IDGenero,IDJogo) VALUES (13,2);
INSERT INTO PossuiGenero(IDGenero,IDJogo) VALUES (10,2);
INSERT INTO PossuiGenero(IDGenero,IDJogo) VALUES (2,2);
INSERT INTO PossuiGenero(IDGenero,IDJogo) VALUES (8,3);
INSERT INTO PossuiGenero(IDGenero,IDJogo) VALUES (11,3);
INSERT INTO PossuiGenero(IDGenero,IDJogo) VALUES (20,3);
INSERT INTO PossuiGenero(IDGenero,IDJogo) VALUES (7,4);
INSERT INTO PossuiGenero(IDGenero,IDJogo) VALUES (1,4);
INSERT INTO PossuiGenero(IDGenero,IDJogo) VALUES (13,4);
INSERT INTO PossuiGenero(IDGenero,IDJogo) VALUES (12,5);
INSERT INTO PossuiGenero(IDGenero,IDJogo) VALUES (8,6);
INSERT INTO PossuiGenero(IDGenero,IDJogo) VALUES (3,7);
INSERT INTO PossuiGenero(IDGenero,IDJogo) VALUES (11,7);
INSERT INTO PossuiGenero(IDGenero,IDJogo) VALUES (4,8);
INSERT INTO PossuiGenero(IDGenero,IDJogo) VALUES (8,8);
INSERT INTO PossuiGenero(IDGenero,IDJogo) VALUES (16,8);
INSERT INTO PossuiGenero(IDGenero,IDJogo) VALUES (3,9);
INSERT INTO PossuiGenero(IDGenero,IDJogo) VALUES (10,10);
INSERT INTO PossuiGenero(IDGenero,IDJogo) VALUES (8,10);
INSERT INTO PossuiGenero(IDGenero,IDJogo) VALUES (14,10);
INSERT INTO PossuiGenero(IDGenero,IDJogo) VALUES (12,11);
INSERT INTO PossuiGenero(IDGenero,IDJogo) VALUES (10,12);
INSERT INTO PossuiGenero(IDGenero,IDJogo) VALUES (14,12);
INSERT INTO PossuiGenero(IDGenero,IDJogo) VALUES (2,12);
INSERT INTO PossuiGenero(IDGenero,IDJogo) VALUES (5,13);
INSERT INTO PossuiGenero(IDGenero,IDJogo) VALUES (18,13);
INSERT INTO PossuiGenero(IDGenero,IDJogo) VALUES (19,13);
INSERT INTO PossuiGenero(IDGenero,IDJogo) VALUES (11,14);
INSERT INTO PossuiGenero(IDGenero,IDJogo) VALUES (14,14);
INSERT INTO PossuiGenero(IDGenero,IDJogo) VALUES (7,14);
INSERT INTO PossuiGenero(IDGenero,IDJogo) VALUES (12,14);
INSERT INTO PossuiGenero(IDGenero,IDJogo) VALUES (17,15);
INSERT INTO PossuiGenero(IDGenero,IDJogo) VALUES (3,16);
INSERT INTO PossuiGenero(IDGenero,IDJogo) VALUES (11,16);
INSERT INTO PossuiGenero(IDGenero,IDJogo) VALUES (2,17);
INSERT INTO PossuiGenero(IDGenero,IDJogo) VALUES (6,18);
INSERT INTO PossuiGenero(IDGenero,IDJogo) VALUES (5,18);
INSERT INTO PossuiGenero(IDGenero,IDJogo) VALUES (17,19);
INSERT INTO PossuiGenero(IDGenero,IDJogo) VALUES (6,19);
INSERT INTO PossuiGenero(IDGenero,IDJogo) VALUES (7,19);
INSERT INTO PossuiGenero(IDGenero,IDJogo) VALUES (10,19);
INSERT INTO PossuiGenero(IDGenero,IDJogo) VALUES (18,20);
INSERT INTO PossuiGenero(IDGenero,IDJogo) VALUES (5,20);
INSERT INTO PossuiGenero(IDGenero,IDJogo) VALUES (3,21);
INSERT INTO PossuiGenero(IDGenero,IDJogo) VALUES (6,21);
INSERT INTO PossuiGenero(IDGenero,IDJogo) VALUES (15,21);
INSERT INTO PossuiGenero(IDGenero,IDJogo) VALUES (8,21);
INSERT INTO PossuiGenero(IDGenero,IDJogo) VALUES (5,22);
INSERT INTO PossuiGenero(IDGenero,IDJogo) VALUES (4,22);
INSERT INTO PossuiGenero(IDGenero,IDJogo) VALUES (11,22);
INSERT INTO PossuiGenero(IDGenero,IDJogo) VALUES (9,23);
INSERT INTO PossuiGenero(IDGenero,IDJogo) VALUES (17,23);
INSERT INTO PossuiGenero(IDGenero,IDJogo) VALUES (19,23);
INSERT INTO PossuiGenero(IDGenero,IDJogo) VALUES (4,24);
INSERT INTO PossuiGenero(IDGenero,IDJogo) VALUES (15,25);
INSERT INTO PossuiGenero(IDGenero,IDJogo) VALUES (20,25);
INSERT INTO PossuiGenero(IDGenero,IDJogo) VALUES (13,25);
INSERT INTO PossuiGenero(IDGenero,IDJogo) VALUES (1,25);

--Compra
INSERT INTO Compra(ID,IDJogo,data_de_compra,classificacao) VALUES (1,2,'2017-12-12',1);
INSERT INTO Compra(ID,IDJogo,data_de_compra,classificacao) VALUES (1,13,'2018-03-19',8);
INSERT INTO Compra(ID,IDJogo,data_de_compra,classificacao) VALUES (2,3,'2017-09-11',10);
INSERT INTO Compra(ID,IDJogo,data_de_compra,classificacao) VALUES (2,6,'2016-02-15',4);
INSERT INTO Compra(ID,IDJogo,data_de_compra,classificacao) VALUES (3,2,'2016-06-30',8);
INSERT INTO Compra(ID,IDJogo,data_de_compra,classificacao) VALUES (3,7,'2016-04-23',3);
INSERT INTO Compra(ID,IDJogo,data_de_compra,classificacao) VALUES (3,9,'2018-07-21',2);
INSERT INTO Compra(ID,IDJogo,data_de_compra,classificacao) VALUES (4,3,'2018-06-13',1);
INSERT INTO Compra(ID,IDJogo,data_de_compra,classificacao) VALUES (5,11,'2017-10-07',3);
INSERT INTO Compra(ID,IDJogo,data_de_compra,classificacao) VALUES (5,13,'2018-06-06',null);
INSERT INTO Compra(ID,IDJogo,data_de_compra,classificacao) VALUES (5,4,'2017-07-04',10);
INSERT INTO Compra(ID,IDJogo,data_de_compra,classificacao) VALUES (6,2,'2018-04-12',1);
INSERT INTO Compra(ID,IDJogo,data_de_compra,classificacao) VALUES (7,4,'2016-04-28',1);
INSERT INTO Compra(ID,IDJogo,data_de_compra,classificacao) VALUES (7,15,'2018-02-06',1);
INSERT INTO Compra(ID,IDJogo,data_de_compra,classificacao) VALUES (8,9,'2017-12-03',7);
INSERT INTO Compra(ID,IDJogo,data_de_compra,classificacao) VALUES (8,6,'2016-06-05',null);
INSERT INTO Compra(ID,IDJogo,data_de_compra,classificacao) VALUES (9,2,'2016-11-08',8);
INSERT INTO Compra(ID,IDJogo,data_de_compra,classificacao) VALUES (9,6,'2017-11-25',3);
INSERT INTO Compra(ID,IDJogo,data_de_compra,classificacao) VALUES (10,3,'2018-03-26',1);
INSERT INTO Compra(ID,IDJogo,data_de_compra,classificacao) VALUES (10,2,'2017-11-28',2);
INSERT INTO Compra(ID,IDJogo,data_de_compra,classificacao) VALUES (11,1,'2017-09-07',4);
INSERT INTO Compra(ID,IDJogo,data_de_compra,classificacao) VALUES (11,13,'2017-04-01',8);
INSERT INTO Compra(ID,IDJogo,data_de_compra,classificacao) VALUES (12,2,'2017-09-04',4);
INSERT INTO Compra(ID,IDJogo,data_de_compra,classificacao) VALUES (12,14,'2017-11-15',10);
INSERT INTO Compra(ID,IDJogo,data_de_compra,classificacao) VALUES (13,1,'2018-08-18',9);
INSERT INTO Compra(ID,IDJogo,data_de_compra,classificacao) VALUES (14,15,'2016-03-22',8);
INSERT INTO Compra(ID,IDJogo,data_de_compra,classificacao) VALUES (15,6,'2017-09-29',3);
INSERT INTO Compra(ID,IDJogo,data_de_compra,classificacao) VALUES (15,4,'2017-04-07',2);
INSERT INTO Compra(ID,IDJogo,data_de_compra,classificacao) VALUES (15,9,'2016-04-05',6);
INSERT INTO Compra(ID,IDJogo,data_de_compra,classificacao) VALUES (15,10,'2016-10-22',null);
INSERT INTO Compra(ID,IDJogo,data_de_compra,classificacao) VALUES (16,15,'2016-11-16',5);
INSERT INTO Compra(ID,IDJogo,data_de_compra,classificacao) VALUES (16,13,'2018-03-17',2);
INSERT INTO Compra(ID,IDJogo,data_de_compra,classificacao) VALUES (16,12,'2016-10-29',4);
INSERT INTO Compra(ID,IDJogo,data_de_compra,classificacao) VALUES (16,5,'2016-07-09',null);
INSERT INTO Compra(ID,IDJogo,data_de_compra,classificacao) VALUES (17,7,'2018-03-25',4);
INSERT INTO Compra(ID,IDJogo,data_de_compra,classificacao) VALUES (17,15,'2016-11-23',3);
INSERT INTO Compra(ID,IDJogo,data_de_compra,classificacao) VALUES (17,11,'2018-09-04',8);
INSERT INTO Compra(ID,IDJogo,data_de_compra,classificacao) VALUES (18,3,'2016-08-12',3);
INSERT INTO Compra(ID,IDJogo,data_de_compra,classificacao) VALUES (18,13,'2018-03-26',7);
INSERT INTO Compra(ID,IDJogo,data_de_compra,classificacao) VALUES (19,12,'2016-09-07',5);
INSERT INTO Compra(ID,IDJogo,data_de_compra,classificacao) VALUES (20,12,'2016-09-21',2);
INSERT INTO Compra(ID,IDJogo,data_de_compra,classificacao) VALUES (21,15,'2016-04-21',9);
INSERT INTO Compra(ID,IDJogo,data_de_compra,classificacao) VALUES (22,7,'2017-06-02',10);
INSERT INTO Compra(ID,IDJogo,data_de_compra,classificacao) VALUES (22,13,'2017-12-26',7);
INSERT INTO Compra(ID,IDJogo,data_de_compra,classificacao) VALUES (23,6,'2018-11-11',1);
INSERT INTO Compra(ID,IDJogo,data_de_compra,classificacao) VALUES (23,8,'2017-12-20',null);
INSERT INTO Compra(ID,IDJogo,data_de_compra,classificacao) VALUES (24,3,'2017-08-27',9);
INSERT INTO Compra(ID,IDJogo,data_de_compra,classificacao) VALUES (25,6,'2018-06-15',1);
INSERT INTO Compra(ID,IDJogo,data_de_compra,classificacao) VALUES (25,9,'2016-10-06',4);
INSERT INTO Compra(ID,IDJogo,data_de_compra,classificacao) VALUES (25,15,'2017-09-24',4);
INSERT INTO Compra(ID,IDJogo,data_de_compra,classificacao) VALUES (26,3,'2017-01-29',5);
INSERT INTO Compra(ID,IDJogo,data_de_compra,classificacao) VALUES (26,4,'2018-10-07',4);
INSERT INTO Compra(ID,IDJogo,data_de_compra,classificacao) VALUES (26,1,'2018-10-11',2);
INSERT INTO Compra(ID,IDJogo,data_de_compra,classificacao) VALUES (26,14,'2018-10-24',1);
INSERT INTO Compra(ID,IDJogo,data_de_compra,classificacao) VALUES (27,10,'2018-12-05',null);
INSERT INTO Compra(ID,IDJogo,data_de_compra,classificacao) VALUES (28,9,'2016-11-04',3);
INSERT INTO Compra(ID,IDJogo,data_de_compra,classificacao) VALUES (28,12,'2018-01-16',1);
INSERT INTO Compra(ID,IDJogo,data_de_compra,classificacao) VALUES (28,2,'2018-02-06',7);
INSERT INTO Compra(ID,IDJogo,data_de_compra,classificacao) VALUES (28,15,'2017-03-24',4);
INSERT INTO Compra(ID,IDJogo,data_de_compra,classificacao) VALUES (29,9,'2016-03-04',6);
INSERT INTO Compra(ID,IDJogo,data_de_compra,classificacao) VALUES (30,14,'2017-11-24',9);
INSERT INTO Compra(ID,IDJogo,data_de_compra,classificacao) VALUES (30,15,'2017-10-11',6);
INSERT INTO Compra(ID,IDJogo,data_de_compra,classificacao) VALUES (30,10,'2017-07-21',4);
INSERT INTO Compra(ID,IDJogo,data_de_compra,classificacao) VALUES (31,12,'2016-05-11',null);
INSERT INTO Compra(ID,IDJogo,data_de_compra,classificacao) VALUES (31,7,'2017-08-09',9);
INSERT INTO Compra(ID,IDJogo,data_de_compra,classificacao) VALUES (31,11,'2018-06-26',1);
INSERT INTO Compra(ID,IDJogo,data_de_compra,classificacao) VALUES (31,2,'2018-07-10',5);
INSERT INTO Compra(ID,IDJogo,data_de_compra,classificacao) VALUES (32,3,'2018-12-06',1);
INSERT INTO Compra(ID,IDJogo,data_de_compra,classificacao) VALUES (32,6,'2018-06-15',7);
INSERT INTO Compra(ID,IDJogo,data_de_compra,classificacao) VALUES (32,10,'2016-10-16',8);
INSERT INTO Compra(ID,IDJogo,data_de_compra,classificacao) VALUES (32,9,'2018-05-22',2);
INSERT INTO Compra(ID,IDJogo,data_de_compra,classificacao) VALUES (33,8,'2018-10-10',3);
INSERT INTO Compra(ID,IDJogo,data_de_compra,classificacao) VALUES (33,14,'2016-02-25',2);
INSERT INTO Compra(ID,IDJogo,data_de_compra,classificacao) VALUES (34,4,'2018-07-21',1);
INSERT INTO Compra(ID,IDJogo,data_de_compra,classificacao) VALUES (35,10,'2017-02-27',10);
INSERT INTO Compra(ID,IDJogo,data_de_compra,classificacao) VALUES (36,14,'2018-04-02',1);
INSERT INTO Compra(ID,IDJogo,data_de_compra,classificacao) VALUES (37,9,'2016-03-02',1);
INSERT INTO Compra(ID,IDJogo,data_de_compra,classificacao) VALUES (37,11,'2016-04-01',6);
INSERT INTO Compra(ID,IDJogo,data_de_compra,classificacao) VALUES (38,4,'2016-12-20',1);
INSERT INTO Compra(ID,IDJogo,data_de_compra,classificacao) VALUES (38,10,'2018-10-21',6);
INSERT INTO Compra(ID,IDJogo,data_de_compra,classificacao) VALUES (38,3,'2018-02-01',null);
INSERT INTO Compra(ID,IDJogo,data_de_compra,classificacao) VALUES (39,4,'2016-04-21',4);
INSERT INTO Compra(ID,IDJogo,data_de_compra,classificacao) VALUES (40,6,'2017-12-23',8);
INSERT INTO Compra(ID,IDJogo,data_de_compra,classificacao) VALUES (40,8,'2016-04-04',null);
INSERT INTO Compra(ID,IDJogo,data_de_compra,classificacao) VALUES (40,5,'2018-09-19',5);

--Desejo_de_Compra
INSERT INTO Desejo_de_Compra(ID,IDJogo,interesse) VALUES (1, 3, 9);
INSERT INTO Desejo_de_Compra(ID,IDJogo,interesse) VALUES (1, 22, 8);
INSERT INTO Desejo_de_Compra(ID,IDJogo,interesse) VALUES (3, 10, 9);
INSERT INTO Desejo_de_Compra(ID,IDJogo,interesse) VALUES (4, 25, 7);
INSERT INTO Desejo_de_Compra(ID,IDJogo,interesse) VALUES (7, 14, 6);
INSERT INTO Desejo_de_Compra(ID,IDJogo,interesse) VALUES (7, 1, 10);
INSERT INTO Desejo_de_Compra(ID,IDJogo,interesse) VALUES (8, 19, 9);
INSERT INTO Desejo_de_Compra(ID,IDJogo,interesse) VALUES (10, 4, 9);
INSERT INTO Desejo_de_Compra(ID,IDJogo,interesse) VALUES (14, 5, 9);
INSERT INTO Desejo_de_Compra(ID,IDJogo,interesse) VALUES (15, 21, 8);
INSERT INTO Desejo_de_Compra(ID,IDJogo,interesse) VALUES (16, 2, 9);
INSERT INTO Desejo_de_Compra(ID,IDJogo,interesse) VALUES (17, 16, 10);
INSERT INTO Desejo_de_Compra(ID,IDJogo,interesse) VALUES (22, 15, 7);
INSERT INTO Desejo_de_Compra(ID,IDJogo,interesse) VALUES (23, 24, 9);
INSERT INTO Desejo_de_Compra(ID,IDJogo,interesse) VALUES (23, 10, 8);
INSERT INTO Desejo_de_Compra(ID,IDJogo,interesse) VALUES (26, 6, 8);
INSERT INTO Desejo_de_Compra(ID,IDJogo,interesse) VALUES (27, 11, 6);
INSERT INTO Desejo_de_Compra(ID,IDJogo,interesse) VALUES (29, 12, 5);
INSERT INTO Desejo_de_Compra(ID,IDJogo,interesse) VALUES (30, 12, 9);
INSERT INTO Desejo_de_Compra(ID,IDJogo,interesse) VALUES (30, 20, 10);
INSERT INTO Desejo_de_Compra(ID,IDJogo,interesse) VALUES (33, 5, 9);
INSERT INTO Desejo_de_Compra(ID,IDJogo,interesse) VALUES (34, 8, 7);
INSERT INTO Desejo_de_Compra(ID,IDJogo,interesse) VALUES (35, 8, 7);
INSERT INTO Desejo_de_Compra(ID,IDJogo,interesse) VALUES (35, 9, 8);
INSERT INTO Desejo_de_Compra(ID,IDJogo,interesse) VALUES (37, 23, 10);
INSERT INTO Desejo_de_Compra(ID,IDJogo,interesse) VALUES (39, 17, 9);

--Sessao
INSERT INTO Sessao(IDSessao,ID,IDJogo,data_inicial,data_final) VALUES (1,1,2,'2019-01-01T01:52:27','2019-01-01T07:02:55');
INSERT INTO Sessao(IDSessao,ID,IDJogo,data_inicial,data_final) VALUES (2,1,2,'2019-01-01T10:05:07','2019-01-01T11:13:29');
INSERT INTO Sessao(IDSessao,ID,IDJogo,data_inicial,data_final) VALUES (3,1,2,'2019-01-01T13:55:52','2019-01-01T21:35:03');
INSERT INTO Sessao(IDSessao,ID,IDJogo,data_inicial,data_final) VALUES (4,1,11,'2019-01-01T23:03:17','2019-01-02T03:18:30');
INSERT INTO Sessao(IDSessao,ID,IDJogo,data_inicial,data_final) VALUES (5,1,11,'2019-01-02T03:39:12','2019-01-02T04:24:52');
INSERT INTO Sessao(IDSessao,ID,IDJogo,data_inicial,data_final) VALUES (6,1,11,'2019-01-02T13:22:28','2019-01-02T13:51:47');
INSERT INTO Sessao(IDSessao,ID,IDJogo,data_inicial,data_final) VALUES (7,1,11,'2019-01-02T15:49:54','2019-01-02T15:56:13');
INSERT INTO Sessao(IDSessao,ID,IDJogo,data_inicial,data_final) VALUES (8,1,11,'2019-01-02T16:21:47','2019-01-02T20:29:04');
INSERT INTO Sessao(IDSessao,ID,IDJogo,data_inicial,data_final) VALUES (9,1,11,'2019-01-02T21:06:42','2019-01-03T03:58:30');
INSERT INTO Sessao(IDSessao,ID,IDJogo,data_inicial,data_final) VALUES (10,1,13,'2019-01-03T06:48:36','2019-01-03T10:51:24');
INSERT INTO Sessao(IDSessao,ID,IDJogo,data_inicial,data_final) VALUES (11,1,13,'2019-01-03T16:28:40','2019-01-03T19:42:31');
INSERT INTO Sessao(IDSessao,ID,IDJogo,data_inicial,data_final) VALUES (12,1,13,'2019-01-03T20:18:25','2019-01-03T21:10:31');
INSERT INTO Sessao(IDSessao,ID,IDJogo,data_inicial,data_final) VALUES (13,1,13,'2019-01-04T00:17:10','2019-01-04T04:30:43');
INSERT INTO Sessao(IDSessao,ID,IDJogo,data_inicial,data_final) VALUES (14,1,13,'2019-01-04T08:34:07','2019-01-04T12:08:38');
INSERT INTO Sessao(IDSessao,ID,IDJogo,data_inicial,data_final) VALUES (15,2,3,'2019-01-05T04:19:15','2019-01-05T05:57:38');
INSERT INTO Sessao(IDSessao,ID,IDJogo,data_inicial,data_final) VALUES (16,2,3,'2019-01-05T19:34:55','2019-01-05T21:59:05');
INSERT INTO Sessao(IDSessao,ID,IDJogo,data_inicial,data_final) VALUES (17,2,3,'2019-01-06T03:06:08','2019-01-06T07:28:00');
INSERT INTO Sessao(IDSessao,ID,IDJogo,data_inicial,data_final) VALUES (18,2,6,'2019-01-06T12:40:33','2019-01-06T15:10:46');
INSERT INTO Sessao(IDSessao,ID,IDJogo,data_inicial,data_final) VALUES (19,2,6,'2019-01-06T15:29:32','2019-01-06T17:35:25');
INSERT INTO Sessao(IDSessao,ID,IDJogo,data_inicial,data_final) VALUES (20,2,6,'2019-01-06T20:37:48','2019-01-06T23:47:24');
INSERT INTO Sessao(IDSessao,ID,IDJogo,data_inicial,data_final) VALUES (21,2,6,'2019-01-07T01:51:40','2019-01-07T11:45:44');
INSERT INTO Sessao(IDSessao,ID,IDJogo,data_inicial,data_final) VALUES (22,2,6,'2019-01-07T12:31:47','2019-01-07T15:36:45');
INSERT INTO Sessao(IDSessao,ID,IDJogo,data_inicial,data_final) VALUES (23,3,2,'2019-01-07T17:43:47','2019-01-07T18:51:21');
INSERT INTO Sessao(IDSessao,ID,IDJogo,data_inicial,data_final) VALUES (24,3,7,'2019-01-08T01:58:25','2019-01-08T03:50:33');
INSERT INTO Sessao(IDSessao,ID,IDJogo,data_inicial,data_final) VALUES (25,3,7,'2019-01-08T07:53:42','2019-01-08T17:49:28');
INSERT INTO Sessao(IDSessao,ID,IDJogo,data_inicial,data_final) VALUES (26,3,7,'2019-01-09T00:49:22','2019-01-09T04:56:26');
INSERT INTO Sessao(IDSessao,ID,IDJogo,data_inicial,data_final) VALUES (27,3,2,'2019-01-09T10:08:03','2019-01-09T19:33:46');
INSERT INTO Sessao(IDSessao,ID,IDJogo,data_inicial,data_final) VALUES (28,3,2,'2019-01-09T19:55:52','2019-01-10T00:32:38');
INSERT INTO Sessao(IDSessao,ID,IDJogo,data_inicial,data_final) VALUES (29,3,9,'2019-01-10T03:10:36','2019-01-10T05:11:39');
INSERT INTO Sessao(IDSessao,ID,IDJogo,data_inicial,data_final) VALUES (30,3,9,'2019-01-10T05:38:49','2019-01-10T15:28:42');
INSERT INTO Sessao(IDSessao,ID,IDJogo,data_inicial,data_final) VALUES (31,3,9,'2019-01-10T16:15:09','2019-01-10T19:41:12');
INSERT INTO Sessao(IDSessao,ID,IDJogo,data_inicial,data_final) VALUES (32,4,3,'2019-01-10T19:41:31','2019-01-10T20:11:47');
INSERT INTO Sessao(IDSessao,ID,IDJogo,data_inicial,data_final) VALUES (33,4,3,'2019-01-11T05:38:25','2019-01-11T06:50:56');
INSERT INTO Sessao(IDSessao,ID,IDJogo,data_inicial,data_final) VALUES (34,4,3,'2019-01-11T10:49:18','2019-01-11T12:11:04');
INSERT INTO Sessao(IDSessao,ID,IDJogo,data_inicial,data_final) VALUES (35,4,3,'2019-01-11T15:48:08','2019-01-12T00:06:56');
INSERT INTO Sessao(IDSessao,ID,IDJogo,data_inicial,data_final) VALUES (36,4,3,'2019-01-12T08:02:44','2019-01-12T21:13:12');
INSERT INTO Sessao(IDSessao,ID,IDJogo,data_inicial,data_final) VALUES (37,5,11,'2019-01-13T13:04:14','2019-01-14T00:57:46');
INSERT INTO Sessao(IDSessao,ID,IDJogo,data_inicial,data_final) VALUES (38,5,11,'2019-01-14T20:14:33','2019-01-15T05:33:49');
INSERT INTO Sessao(IDSessao,ID,IDJogo,data_inicial,data_final) VALUES (39,5,11,'2019-01-15T13:49:30','2019-01-15T23:30:04');
INSERT INTO Sessao(IDSessao,ID,IDJogo,data_inicial,data_final) VALUES (40,5,11,'2019-01-16T03:00:16','2019-01-16T03:21:25');
INSERT INTO Sessao(IDSessao,ID,IDJogo,data_inicial,data_final) VALUES (41,5,11,'2019-01-16T03:50:13','2019-01-16T06:57:48');
INSERT INTO Sessao(IDSessao,ID,IDJogo,data_inicial,data_final) VALUES (42,5,13,'2019-01-16T12:25:57','2019-01-16T15:43:10');
INSERT INTO Sessao(IDSessao,ID,IDJogo,data_inicial,data_final) VALUES (43,5,13,'2019-01-16T16:38:52','2019-01-16T19:22:23');
INSERT INTO Sessao(IDSessao,ID,IDJogo,data_inicial,data_final) VALUES (44,5,13,'2019-01-16T20:21:10','2019-01-17T07:56:28');
INSERT INTO Sessao(IDSessao,ID,IDJogo,data_inicial,data_final) VALUES (45,5,4,'2019-01-17T11:33:25','2019-01-17T16:21:21');
INSERT INTO Sessao(IDSessao,ID,IDJogo,data_inicial,data_final) VALUES (46,5,4,'2019-01-17T23:47:55','2019-01-18T02:43:00');
INSERT INTO Sessao(IDSessao,ID,IDJogo,data_inicial,data_final) VALUES (47,5,4,'2019-01-18T14:31:22','2019-01-18T16:30:55');
INSERT INTO Sessao(IDSessao,ID,IDJogo,data_inicial,data_final) VALUES (48,5,4,'2019-01-18T18:10:38','2019-01-18T22:54:59');
INSERT INTO Sessao(IDSessao,ID,IDJogo,data_inicial,data_final) VALUES (49,5,4,'2019-01-19T12:36:13','2019-01-19T13:41:23');
INSERT INTO Sessao(IDSessao,ID,IDJogo,data_inicial,data_final) VALUES (50,5,13,'2019-01-19T16:40:20','2019-01-19T19:24:58');
INSERT INTO Sessao(IDSessao,ID,IDJogo,data_inicial,data_final) VALUES (51,5,13,'2019-01-19T20:31:33','2019-01-20T00:40:36');
INSERT INTO Sessao(IDSessao,ID,IDJogo,data_inicial,data_final) VALUES (52,5,13,'2019-01-20T05:17:18','2019-01-20T05:48:31');
INSERT INTO Sessao(IDSessao,ID,IDJogo,data_inicial,data_final) VALUES (53,5,13,'2019-01-20T16:20:42','2019-01-20T21:41:32');
INSERT INTO Sessao(IDSessao,ID,IDJogo,data_inicial,data_final) VALUES (54,6,2,'2019-01-20T23:30:49','2019-01-21T01:58:37');
INSERT INTO Sessao(IDSessao,ID,IDJogo,data_inicial,data_final) VALUES (55,6,2,'2019-01-21T12:10:11','2019-01-21T13:37:52');
INSERT INTO Sessao(IDSessao,ID,IDJogo,data_inicial,data_final) VALUES (56,6,2,'2019-01-21T23:37:18','2019-01-22T03:30:09');
INSERT INTO Sessao(IDSessao,ID,IDJogo,data_inicial,data_final) VALUES (57,7,4,'2019-01-22T04:38:38','2019-01-22T05:03:47');
INSERT INTO Sessao(IDSessao,ID,IDJogo,data_inicial,data_final) VALUES (58,7,4,'2019-01-22T11:20:42','2019-01-22T15:27:44');
INSERT INTO Sessao(IDSessao,ID,IDJogo,data_inicial,data_final) VALUES (59,7,15,'2019-01-22T22:21:53','2019-01-22T23:37:56');
INSERT INTO Sessao(IDSessao,ID,IDJogo,data_inicial,data_final) VALUES (60,7,15,'2019-01-23T04:41:29','2019-01-23T10:21:59');
INSERT INTO Sessao(IDSessao,ID,IDJogo,data_inicial,data_final) VALUES (61,7,15,'2019-01-23T13:03:50','2019-01-23T15:32:17');
INSERT INTO Sessao(IDSessao,ID,IDJogo,data_inicial,data_final) VALUES (62,7,15,'2019-01-23T19:26:08','2019-01-23T21:02:48');
INSERT INTO Sessao(IDSessao,ID,IDJogo,data_inicial,data_final) VALUES (63,7,15,'2019-01-23T22:06:28','2019-01-24T00:13:31');
INSERT INTO Sessao(IDSessao,ID,IDJogo,data_inicial,data_final) VALUES (64,8,9,'2019-01-24T01:19:16','2019-01-24T01:21:11');
INSERT INTO Sessao(IDSessao,ID,IDJogo,data_inicial,data_final) VALUES (65,8,9,'2019-01-24T02:45:13','2019-01-24T07:59:12');
INSERT INTO Sessao(IDSessao,ID,IDJogo,data_inicial,data_final) VALUES (66,8,9,'2019-01-24T10:36:36','2019-01-24T10:51:54');
INSERT INTO Sessao(IDSessao,ID,IDJogo,data_inicial,data_final) VALUES (67,8,9,'2019-01-24T11:18:51','2019-01-24T20:51:23');
INSERT INTO Sessao(IDSessao,ID,IDJogo,data_inicial,data_final) VALUES (68,8,9,'2019-01-25T00:10:58','2019-01-25T01:00:45');
INSERT INTO Sessao(IDSessao,ID,IDJogo,data_inicial,data_final) VALUES (69,8,6,'2019-01-25T02:45:02','2019-01-25T15:08:45');
INSERT INTO Sessao(IDSessao,ID,IDJogo,data_inicial,data_final) VALUES (70,9,2,'2019-01-25T17:41:32','2019-01-25T20:27:34');
INSERT INTO Sessao(IDSessao,ID,IDJogo,data_inicial,data_final) VALUES (71,9,2,'2019-01-25T21:24:16','2019-01-25T22:53:44');
INSERT INTO Sessao(IDSessao,ID,IDJogo,data_inicial,data_final) VALUES (72,9,6,'2019-01-26T02:02:27','2019-01-27T02:08:56');
INSERT INTO Sessao(IDSessao,ID,IDJogo,data_inicial,data_final) VALUES (73,9,6,'2019-01-27T13:22:32','2019-01-27T21:26:06');
INSERT INTO Sessao(IDSessao,ID,IDJogo,data_inicial,data_final) VALUES (74,10,3,'2019-01-28T02:49:44','2019-01-28T08:11:20');
INSERT INTO Sessao(IDSessao,ID,IDJogo,data_inicial,data_final) VALUES (75,10,2,'2019-01-28T10:24:38','2019-01-28T11:49:47');
INSERT INTO Sessao(IDSessao,ID,IDJogo,data_inicial,data_final) VALUES (76,10,2,'2019-01-28T13:57:48','2019-01-28T14:10:37');
INSERT INTO Sessao(IDSessao,ID,IDJogo,data_inicial,data_final) VALUES (77,11,1,'2019-01-28T18:37:16','2019-01-28T20:10:44');
INSERT INTO Sessao(IDSessao,ID,IDJogo,data_inicial,data_final) VALUES (78,11,1,'2019-01-28T21:15:42','2019-01-28T22:26:09');
INSERT INTO Sessao(IDSessao,ID,IDJogo,data_inicial,data_final) VALUES (79,11,1,'2019-01-28T23:23:50','2019-01-28T23:55:35');
INSERT INTO Sessao(IDSessao,ID,IDJogo,data_inicial,data_final) VALUES (80,11,1,'2019-01-29T02:33:59','2019-01-29T04:44:08');
INSERT INTO Sessao(IDSessao,ID,IDJogo,data_inicial,data_final) VALUES (81,11,1,'2019-01-29T05:01:47','2019-01-29T05:49:30');
INSERT INTO Sessao(IDSessao,ID,IDJogo,data_inicial,data_final) VALUES (82,11,13,'2019-01-29T15:47:48','2019-01-29T20:43:37');
INSERT INTO Sessao(IDSessao,ID,IDJogo,data_inicial,data_final) VALUES (83,11,13,'2019-01-29T21:39:55','2019-01-30T04:20:08');
INSERT INTO Sessao(IDSessao,ID,IDJogo,data_inicial,data_final) VALUES (84,12,2,'2019-01-30T04:53:15','2019-01-30T15:54:28');
INSERT INTO Sessao(IDSessao,ID,IDJogo,data_inicial,data_final) VALUES (85,12,2,'2019-01-30T16:01:46','2019-01-30T20:25:18');
INSERT INTO Sessao(IDSessao,ID,IDJogo,data_inicial,data_final) VALUES (86,12,2,'2019-01-31T04:23:45','2019-01-31T04:37:56');
INSERT INTO Sessao(IDSessao,ID,IDJogo,data_inicial,data_final) VALUES (87,12,2,'2019-01-31T05:03:59','2019-01-31T07:22:11');
INSERT INTO Sessao(IDSessao,ID,IDJogo,data_inicial,data_final) VALUES (88,12,2,'2019-01-31T09:58:25','2019-01-31T17:11:30');
INSERT INTO Sessao(IDSessao,ID,IDJogo,data_inicial,data_final) VALUES (89,12,14,'2019-01-31T21:00:06','2019-02-01T00:33:18');
INSERT INTO Sessao(IDSessao,ID,IDJogo,data_inicial,data_final) VALUES (90,12,14,'2019-02-01T00:33:58','2019-02-01T01:11:47');
INSERT INTO Sessao(IDSessao,ID,IDJogo,data_inicial,data_final) VALUES (91,12,14,'2019-02-01T03:25:45','2019-02-01T12:06:56');
INSERT INTO Sessao(IDSessao,ID,IDJogo,data_inicial,data_final) VALUES (92,13,1,'2019-02-01T14:29:38','2019-02-01T16:48:44');
INSERT INTO Sessao(IDSessao,ID,IDJogo,data_inicial,data_final) VALUES (93,13,1,'2019-02-01T20:11:24','2019-02-01T22:42:13');
INSERT INTO Sessao(IDSessao,ID,IDJogo,data_inicial,data_final) VALUES (94,13,1,'2019-02-02T23:52:59','2019-02-03T03:01:44');
INSERT INTO Sessao(IDSessao,ID,IDJogo,data_inicial,data_final) VALUES (95,14,15,'2019-02-03T10:30:13','2019-02-03T12:27:12');
INSERT INTO Sessao(IDSessao,ID,IDJogo,data_inicial,data_final) VALUES (96,14,15,'2019-02-03T13:24:36','2019-02-03T16:38:12');
INSERT INTO Sessao(IDSessao,ID,IDJogo,data_inicial,data_final) VALUES (97,14,15,'2019-02-03T17:08:17','2019-02-04T00:45:55');
INSERT INTO Sessao(IDSessao,ID,IDJogo,data_inicial,data_final) VALUES (98,14,15,'2019-02-04T02:03:40','2019-02-04T12:38:17');
INSERT INTO Sessao(IDSessao,ID,IDJogo,data_inicial,data_final) VALUES (99,14,15,'2019-02-04T14:19:30','2019-02-04T15:40:58');
INSERT INTO Sessao(IDSessao,ID,IDJogo,data_inicial,data_final) VALUES (100,14,15,'2019-02-04T20:17:26','2019-02-05T07:05:47');
INSERT INTO Sessao(IDSessao,ID,IDJogo,data_inicial,data_final) VALUES (101,14,15,'2019-02-05T07:30:56','2019-02-05T11:56:14');
INSERT INTO Sessao(IDSessao,ID,IDJogo,data_inicial,data_final) VALUES (102,14,15,'2019-02-05T13:37:18','2019-02-05T14:10:42');
INSERT INTO Sessao(IDSessao,ID,IDJogo,data_inicial,data_final) VALUES (103,15,6,'2019-02-06T02:24:23','2019-02-06T10:00:51');
INSERT INTO Sessao(IDSessao,ID,IDJogo,data_inicial,data_final) VALUES (104,15,6,'2019-02-06T14:37:58','2019-02-06T15:50:39');
INSERT INTO Sessao(IDSessao,ID,IDJogo,data_inicial,data_final) VALUES (105,15,6,'2019-02-06T18:02:27','2019-02-06T21:31:40');
INSERT INTO Sessao(IDSessao,ID,IDJogo,data_inicial,data_final) VALUES (106,15,4,'2019-02-07T01:59:53','2019-02-07T05:52:47');
INSERT INTO Sessao(IDSessao,ID,IDJogo,data_inicial,data_final) VALUES (107,15,4,'2019-02-07T06:58:18','2019-02-07T17:40:17');
INSERT INTO Sessao(IDSessao,ID,IDJogo,data_inicial,data_final) VALUES (108,15,9,'2019-02-07T21:48:37','2019-02-08T00:07:30');
INSERT INTO Sessao(IDSessao,ID,IDJogo,data_inicial,data_final) VALUES (109,15,9,'2019-02-08T00:35:20','2019-02-08T01:45:34');
INSERT INTO Sessao(IDSessao,ID,IDJogo,data_inicial,data_final) VALUES (110,15,9,'2019-02-08T05:56:12','2019-02-08T09:44:33');
INSERT INTO Sessao(IDSessao,ID,IDJogo,data_inicial,data_final) VALUES (111,15,9,'2019-02-08T16:54:37','2019-02-08T22:22:25');
INSERT INTO Sessao(IDSessao,ID,IDJogo,data_inicial,data_final) VALUES (112,15,10,'2019-02-09T00:41:56','2019-02-09T03:59:37');
INSERT INTO Sessao(IDSessao,ID,IDJogo,data_inicial,data_final) VALUES (113,15,10,'2019-02-09T04:27:17','2019-02-09T07:46:16');
INSERT INTO Sessao(IDSessao,ID,IDJogo,data_inicial,data_final) VALUES (114,15,10,'2019-02-09T12:37:08','2019-02-09T20:36:36');
INSERT INTO Sessao(IDSessao,ID,IDJogo,data_inicial,data_final) VALUES (115,15,10,'2019-02-10T01:52:17','2019-02-10T13:43:03');
INSERT INTO Sessao(IDSessao,ID,IDJogo,data_inicial,data_final) VALUES (116,16,15,'2019-02-10T13:59:36','2019-02-10T15:02:26');
INSERT INTO Sessao(IDSessao,ID,IDJogo,data_inicial,data_final) VALUES (117,16,15,'2019-02-10T17:19:16','2019-02-10T18:37:56');
INSERT INTO Sessao(IDSessao,ID,IDJogo,data_inicial,data_final) VALUES (118,16,15,'2019-02-11T01:25:42','2019-02-11T01:53:20');
INSERT INTO Sessao(IDSessao,ID,IDJogo,data_inicial,data_final) VALUES (119,16,15,'2019-02-11T02:21:31','2019-02-11T10:39:08');
INSERT INTO Sessao(IDSessao,ID,IDJogo,data_inicial,data_final) VALUES (120,16,15,'2019-02-11T19:45:35','2019-02-12T09:50:45');
INSERT INTO Sessao(IDSessao,ID,IDJogo,data_inicial,data_final) VALUES (121,16,13,'2019-02-12T10:46:47','2019-02-12T15:23:16');
INSERT INTO Sessao(IDSessao,ID,IDJogo,data_inicial,data_final) VALUES (122,16,12,'2019-02-12T16:25:10','2019-02-13T01:06:17');
INSERT INTO Sessao(IDSessao,ID,IDJogo,data_inicial,data_final) VALUES (123,16,12,'2019-02-13T01:36:21','2019-02-13T05:17:15');
INSERT INTO Sessao(IDSessao,ID,IDJogo,data_inicial,data_final) VALUES (124,16,12,'2019-02-13T17:34:00','2019-02-14T05:12:09');
INSERT INTO Sessao(IDSessao,ID,IDJogo,data_inicial,data_final) VALUES (125,16,12,'2019-02-14T06:51:50','2019-02-14T13:13:10');
INSERT INTO Sessao(IDSessao,ID,IDJogo,data_inicial,data_final) VALUES (126,16,5,'2019-02-14T17:09:32','2019-02-15T06:13:32');
INSERT INTO Sessao(IDSessao,ID,IDJogo,data_inicial,data_final) VALUES (127,16,5,'2019-02-15T08:31:15','2019-02-15T10:10:57');
INSERT INTO Sessao(IDSessao,ID,IDJogo,data_inicial,data_final) VALUES (128,16,5,'2019-02-15T14:41:03','2019-02-15T15:14:38');
INSERT INTO Sessao(IDSessao,ID,IDJogo,data_inicial,data_final) VALUES (129,17,7,'2019-02-15T16:49:56','2019-02-15T16:58:18');
INSERT INTO Sessao(IDSessao,ID,IDJogo,data_inicial,data_final) VALUES (130,17,7,'2019-02-15T20:30:40','2019-02-15T21:14:04');
INSERT INTO Sessao(IDSessao,ID,IDJogo,data_inicial,data_final) VALUES (131,17,7,'2019-02-16T03:29:42','2019-02-16T04:50:13');
INSERT INTO Sessao(IDSessao,ID,IDJogo,data_inicial,data_final) VALUES (132,17,7,'2019-02-16T08:07:44','2019-02-16T15:54:59');
INSERT INTO Sessao(IDSessao,ID,IDJogo,data_inicial,data_final) VALUES (133,17,7,'2019-02-16T21:56:11','2019-02-16T23:44:17');
INSERT INTO Sessao(IDSessao,ID,IDJogo,data_inicial,data_final) VALUES (134,17,15,'2019-02-17T17:14:25','2019-02-17T17:17:42');
INSERT INTO Sessao(IDSessao,ID,IDJogo,data_inicial,data_final) VALUES (135,17,11,'2019-02-17T18:31:21','2019-02-17T21:25:07');
INSERT INTO Sessao(IDSessao,ID,IDJogo,data_inicial,data_final) VALUES (136,17,11,'2019-02-17T23:17:06','2019-02-18T03:23:39');
INSERT INTO Sessao(IDSessao,ID,IDJogo,data_inicial,data_final) VALUES (137,17,11,'2019-02-18T05:44:36','2019-02-18T15:17:41');
INSERT INTO Sessao(IDSessao,ID,IDJogo,data_inicial,data_final) VALUES (138,17,11,'2019-02-18T18:07:33','2019-02-18T20:33:08');
INSERT INTO Sessao(IDSessao,ID,IDJogo,data_inicial,data_final) VALUES (139,17,11,'2019-02-18T23:31:10','2019-02-19T03:43:19');
INSERT INTO Sessao(IDSessao,ID,IDJogo,data_inicial,data_final) VALUES (140,18,3,'2019-02-19T09:12:04','2019-02-19T10:47:43');
INSERT INTO Sessao(IDSessao,ID,IDJogo,data_inicial,data_final) VALUES (141,18,3,'2019-02-19T19:30:12','2019-02-19T22:16:33');
INSERT INTO Sessao(IDSessao,ID,IDJogo,data_inicial,data_final) VALUES (142,18,3,'2019-02-20T01:16:59','2019-02-20T03:13:22');
INSERT INTO Sessao(IDSessao,ID,IDJogo,data_inicial,data_final) VALUES (143,18,3,'2019-02-20T10:32:04','2019-02-20T14:07:14');
INSERT INTO Sessao(IDSessao,ID,IDJogo,data_inicial,data_final) VALUES (144,18,3,'2019-02-20T22:18:32','2019-02-21T06:13:40');
INSERT INTO Sessao(IDSessao,ID,IDJogo,data_inicial,data_final) VALUES (145,18,13,'2019-02-21T08:39:11','2019-02-21T12:57:24');
INSERT INTO Sessao(IDSessao,ID,IDJogo,data_inicial,data_final) VALUES (146,18,13,'2019-02-21T14:51:02','2019-02-21T15:12:50');
INSERT INTO Sessao(IDSessao,ID,IDJogo,data_inicial,data_final) VALUES (147,18,13,'2019-02-21T22:13:02','2019-02-21T23:29:50');
INSERT INTO Sessao(IDSessao,ID,IDJogo,data_inicial,data_final) VALUES (148,19,12,'2019-02-22T00:01:21','2019-02-22T08:06:31');
INSERT INTO Sessao(IDSessao,ID,IDJogo,data_inicial,data_final) VALUES (149,19,12,'2019-02-22T12:49:36','2019-02-22T20:40:54');
INSERT INTO Sessao(IDSessao,ID,IDJogo,data_inicial,data_final) VALUES (150,20,12,'2019-02-22T22:32:49','2019-02-23T04:22:52');
INSERT INTO Sessao(IDSessao,ID,IDJogo,data_inicial,data_final) VALUES (151,20,12,'2019-02-23T04:51:39','2019-02-23T08:30:05');
INSERT INTO Sessao(IDSessao,ID,IDJogo,data_inicial,data_final) VALUES (152,21,15,'2019-02-23T12:58:00','2019-02-23T19:40:21');
INSERT INTO Sessao(IDSessao,ID,IDJogo,data_inicial,data_final) VALUES (153,21,15,'2019-02-23T21:01:45','2019-02-23T22:09:36');
INSERT INTO Sessao(IDSessao,ID,IDJogo,data_inicial,data_final) VALUES (154,21,15,'2019-02-24T00:04:44','2019-02-24T04:24:56');
INSERT INTO Sessao(IDSessao,ID,IDJogo,data_inicial,data_final) VALUES (155,21,15,'2019-02-24T13:24:02','2019-02-24T16:45:21');
INSERT INTO Sessao(IDSessao,ID,IDJogo,data_inicial,data_final) VALUES (156,21,15,'2019-02-24T21:37:33','2019-02-24T23:32:22');
INSERT INTO Sessao(IDSessao,ID,IDJogo,data_inicial,data_final) VALUES (157,21,15,'2019-02-25T02:47:44','2019-02-25T04:28:55');
INSERT INTO Sessao(IDSessao,ID,IDJogo,data_inicial,data_final) VALUES (158,22,7,'2019-02-25T17:11:55','2019-02-26T01:07:25');
INSERT INTO Sessao(IDSessao,ID,IDJogo,data_inicial,data_final) VALUES (159,22,7,'2019-02-26T01:58:26','2019-02-26T05:15:14');
INSERT INTO Sessao(IDSessao,ID,IDJogo,data_inicial,data_final) VALUES (160,22,7,'2019-02-26T08:25:20','2019-02-26T10:23:39');
INSERT INTO Sessao(IDSessao,ID,IDJogo,data_inicial,data_final) VALUES (161,22,13,'2019-02-26T16:14:59','2019-02-26T22:20:13');
INSERT INTO Sessao(IDSessao,ID,IDJogo,data_inicial,data_final) VALUES (162,22,13,'2019-02-27T21:27:05','2019-02-28T12:20:30');
INSERT INTO Sessao(IDSessao,ID,IDJogo,data_inicial,data_final) VALUES (163,23,6,'2019-02-28T17:51:43','2019-02-28T18:24:37');
INSERT INTO Sessao(IDSessao,ID,IDJogo,data_inicial,data_final) VALUES (164,23,6,'2019-03-01T01:05:36','2019-03-01T02:30:34');
INSERT INTO Sessao(IDSessao,ID,IDJogo,data_inicial,data_final) VALUES (165,23,6,'2019-03-01T02:58:10','2019-03-01T07:22:26');
INSERT INTO Sessao(IDSessao,ID,IDJogo,data_inicial,data_final) VALUES (166,23,6,'2019-03-01T21:54:04','2019-03-02T00:33:25');
INSERT INTO Sessao(IDSessao,ID,IDJogo,data_inicial,data_final) VALUES (167,23,6,'2019-03-02T07:00:26','2019-03-02T09:35:16');
INSERT INTO Sessao(IDSessao,ID,IDJogo,data_inicial,data_final) VALUES (168,23,8,'2019-03-02T09:58:58','2019-03-02T11:53:42');
INSERT INTO Sessao(IDSessao,ID,IDJogo,data_inicial,data_final) VALUES (169,23,8,'2019-03-02T17:14:30','2019-03-03T04:20:05');
INSERT INTO Sessao(IDSessao,ID,IDJogo,data_inicial,data_final) VALUES (170,23,8,'2019-03-03T06:50:44','2019-03-03T17:50:48');
INSERT INTO Sessao(IDSessao,ID,IDJogo,data_inicial,data_final) VALUES (171,24,3,'2019-03-03T20:17:33','2019-03-03T20:55:11');
INSERT INTO Sessao(IDSessao,ID,IDJogo,data_inicial,data_final) VALUES (172,24,3,'2019-03-04T03:59:13','2019-03-04T08:08:48');
INSERT INTO Sessao(IDSessao,ID,IDJogo,data_inicial,data_final) VALUES (173,24,3,'2019-03-04T11:19:59','2019-03-04T13:34:22');
INSERT INTO Sessao(IDSessao,ID,IDJogo,data_inicial,data_final) VALUES (174,24,3,'2019-03-04T14:13:48','2019-03-04T14:32:59');
INSERT INTO Sessao(IDSessao,ID,IDJogo,data_inicial,data_final) VALUES (175,25,6,'2019-03-04T20:00:36','2019-03-04T22:55:53');
INSERT INTO Sessao(IDSessao,ID,IDJogo,data_inicial,data_final) VALUES (176,25,6,'2019-03-05T00:35:32','2019-03-05T03:11:18');
INSERT INTO Sessao(IDSessao,ID,IDJogo,data_inicial,data_final) VALUES (177,25,9,'2019-03-05T08:12:29','2019-03-05T11:11:57');
INSERT INTO Sessao(IDSessao,ID,IDJogo,data_inicial,data_final) VALUES (178,25,9,'2019-03-06T01:21:39','2019-03-06T03:17:48');
INSERT INTO Sessao(IDSessao,ID,IDJogo,data_inicial,data_final) VALUES (179,25,9,'2019-03-06T03:57:15','2019-03-06T08:05:01');
INSERT INTO Sessao(IDSessao,ID,IDJogo,data_inicial,data_final) VALUES (180,25,9,'2019-03-06T09:08:04','2019-03-06T11:47:44');
INSERT INTO Sessao(IDSessao,ID,IDJogo,data_inicial,data_final) VALUES (181,25,9,'2019-03-06T15:59:01','2019-03-06T21:05:20');
INSERT INTO Sessao(IDSessao,ID,IDJogo,data_inicial,data_final) VALUES (182,25,15,'2019-03-06T21:11:24','2019-03-06T22:23:59');
INSERT INTO Sessao(IDSessao,ID,IDJogo,data_inicial,data_final) VALUES (183,25,15,'2019-03-07T03:49:53','2019-03-07T06:29:09');
INSERT INTO Sessao(IDSessao,ID,IDJogo,data_inicial,data_final) VALUES (184,25,15,'2019-03-07T06:44:10','2019-03-07T13:10:33');
INSERT INTO Sessao(IDSessao,ID,IDJogo,data_inicial,data_final) VALUES (185,25,15,'2019-03-07T14:14:51','2019-03-07T17:42:08');
INSERT INTO Sessao(IDSessao,ID,IDJogo,data_inicial,data_final) VALUES (186,26,3,'2019-03-07T19:48:54','2019-03-07T21:11:36');
INSERT INTO Sessao(IDSessao,ID,IDJogo,data_inicial,data_final) VALUES (187,26,3,'2019-03-08T00:57:41','2019-03-08T01:22:03');
INSERT INTO Sessao(IDSessao,ID,IDJogo,data_inicial,data_final) VALUES (188,26,3,'2019-03-08T04:00:19','2019-03-08T04:29:06');
INSERT INTO Sessao(IDSessao,ID,IDJogo,data_inicial,data_final) VALUES (189,26,3,'2019-03-08T09:20:29','2019-03-08T22:04:18');
INSERT INTO Sessao(IDSessao,ID,IDJogo,data_inicial,data_final) VALUES (190,26,3,'2019-03-09T00:05:20','2019-03-09T03:14:27');
INSERT INTO Sessao(IDSessao,ID,IDJogo,data_inicial,data_final) VALUES (191,26,4,'2019-03-09T05:51:10','2019-03-09T12:28:25');
INSERT INTO Sessao(IDSessao,ID,IDJogo,data_inicial,data_final) VALUES (192,26,4,'2019-03-09T19:58:58','2019-03-09T20:25:16');
INSERT INTO Sessao(IDSessao,ID,IDJogo,data_inicial,data_final) VALUES (193,26,4,'2019-03-10T00:54:02','2019-03-10T11:00:09');
INSERT INTO Sessao(IDSessao,ID,IDJogo,data_inicial,data_final) VALUES (194,26,4,'2019-03-10T11:06:37','2019-03-10T13:05:07');
INSERT INTO Sessao(IDSessao,ID,IDJogo,data_inicial,data_final) VALUES (195,26,4,'2019-03-10T16:08:43','2019-03-10T16:26:40');
INSERT INTO Sessao(IDSessao,ID,IDJogo,data_inicial,data_final) VALUES (196,26,1,'2019-03-10T16:41:57','2019-03-10T19:43:24');
INSERT INTO Sessao(IDSessao,ID,IDJogo,data_inicial,data_final) VALUES (197,26,1,'2019-03-10T20:45:02','2019-03-10T22:13:17');
INSERT INTO Sessao(IDSessao,ID,IDJogo,data_inicial,data_final) VALUES (198,26,1,'2019-03-10T23:03:47','2019-03-11T05:08:25');
INSERT INTO Sessao(IDSessao,ID,IDJogo,data_inicial,data_final) VALUES (199,26,1,'2019-03-11T10:28:23','2019-03-11T12:58:20');
INSERT INTO Sessao(IDSessao,ID,IDJogo,data_inicial,data_final) VALUES (200,26,14,'2019-03-11T19:00:37','2019-03-12T07:09:45');
INSERT INTO Sessao(IDSessao,ID,IDJogo,data_inicial,data_final) VALUES (201,27,10,'2019-03-12T10:08:24','2019-03-12T10:45:27');
INSERT INTO Sessao(IDSessao,ID,IDJogo,data_inicial,data_final) VALUES (202,27,10,'2019-03-12T12:36:17','2019-03-12T13:07:55');
INSERT INTO Sessao(IDSessao,ID,IDJogo,data_inicial,data_final) VALUES (203,28,9,'2019-03-12T18:37:54','2019-03-12T23:00:35');
INSERT INTO Sessao(IDSessao,ID,IDJogo,data_inicial,data_final) VALUES (204,28,12,'2019-03-13T03:30:27','2019-03-13T11:03:27');
INSERT INTO Sessao(IDSessao,ID,IDJogo,data_inicial,data_final) VALUES (205,28,12,'2019-03-13T20:11:34','2019-03-14T01:05:15');
INSERT INTO Sessao(IDSessao,ID,IDJogo,data_inicial,data_final) VALUES (206,28,2,'2019-03-14T11:51:01','2019-03-14T15:28:19');
INSERT INTO Sessao(IDSessao,ID,IDJogo,data_inicial,data_final) VALUES (207,28,15,'2019-03-15T04:56:39','2019-03-15T09:20:20');
INSERT INTO Sessao(IDSessao,ID,IDJogo,data_inicial,data_final) VALUES (208,28,15,'2019-03-15T16:49:53','2019-03-15T21:38:42');
INSERT INTO Sessao(IDSessao,ID,IDJogo,data_inicial,data_final) VALUES (209,28,15,'2019-03-16T09:48:06','2019-03-16T12:34:13');
INSERT INTO Sessao(IDSessao,ID,IDJogo,data_inicial,data_final) VALUES (210,28,15,'2019-03-16T14:58:26','2019-03-16T19:49:47');
INSERT INTO Sessao(IDSessao,ID,IDJogo,data_inicial,data_final) VALUES (211,29,9,'2019-03-16T19:56:21','2019-03-16T21:25:12');
INSERT INTO Sessao(IDSessao,ID,IDJogo,data_inicial,data_final) VALUES (212,29,9,'2019-03-17T00:45:45','2019-03-17T01:50:23');
INSERT INTO Sessao(IDSessao,ID,IDJogo,data_inicial,data_final) VALUES (213,30,14,'2019-03-17T02:43:29','2019-03-17T03:36:25');
INSERT INTO Sessao(IDSessao,ID,IDJogo,data_inicial,data_final) VALUES (214,30,15,'2019-03-17T07:52:11','2019-03-17T11:01:46');
INSERT INTO Sessao(IDSessao,ID,IDJogo,data_inicial,data_final) VALUES (215,30,15,'2019-03-18T00:59:13','2019-03-18T03:41:17');
INSERT INTO Sessao(IDSessao,ID,IDJogo,data_inicial,data_final) VALUES (216,30,15,'2019-03-18T07:47:33','2019-03-18T13:26:15');
INSERT INTO Sessao(IDSessao,ID,IDJogo,data_inicial,data_final) VALUES (217,30,15,'2019-03-18T14:27:23','2019-03-18T15:45:47');
INSERT INTO Sessao(IDSessao,ID,IDJogo,data_inicial,data_final) VALUES (218,30,15,'2019-03-19T01:41:49','2019-03-19T05:53:49');
INSERT INTO Sessao(IDSessao,ID,IDJogo,data_inicial,data_final) VALUES (219,30,10,'2019-03-19T17:57:44','2019-03-19T23:27:30');
INSERT INTO Sessao(IDSessao,ID,IDJogo,data_inicial,data_final) VALUES (220,30,10,'2019-03-20T07:39:05','2019-03-20T08:55:36');
INSERT INTO Sessao(IDSessao,ID,IDJogo,data_inicial,data_final) VALUES (221,30,10,'2019-03-20T10:09:49','2019-03-21T01:31:29');
INSERT INTO Sessao(IDSessao,ID,IDJogo,data_inicial,data_final) VALUES (222,30,10,'2019-03-21T06:35:32','2019-03-21T10:28:07');
INSERT INTO Sessao(IDSessao,ID,IDJogo,data_inicial,data_final) VALUES (223,30,10,'2019-03-21T10:58:00','2019-03-21T12:34:42');
INSERT INTO Sessao(IDSessao,ID,IDJogo,data_inicial,data_final) VALUES (224,31,12,'2019-03-21T15:30:21','2019-03-21T20:57:21');
INSERT INTO Sessao(IDSessao,ID,IDJogo,data_inicial,data_final) VALUES (225,31,12,'2019-03-21T21:00:10','2019-03-21T23:49:20');
INSERT INTO Sessao(IDSessao,ID,IDJogo,data_inicial,data_final) VALUES (226,31,12,'2019-03-22T01:52:47','2019-03-22T08:13:57');
INSERT INTO Sessao(IDSessao,ID,IDJogo,data_inicial,data_final) VALUES (227,31,12,'2019-03-22T18:33:57','2019-03-22T20:14:41');
INSERT INTO Sessao(IDSessao,ID,IDJogo,data_inicial,data_final) VALUES (228,31,7,'2019-03-22T20:19:29','2019-03-22T20:50:38');
INSERT INTO Sessao(IDSessao,ID,IDJogo,data_inicial,data_final) VALUES (229,31,7,'2019-03-22T22:02:09','2019-03-23T09:48:00');
INSERT INTO Sessao(IDSessao,ID,IDJogo,data_inicial,data_final) VALUES (230,31,7,'2019-03-23T09:57:01','2019-03-23T14:35:32');
INSERT INTO Sessao(IDSessao,ID,IDJogo,data_inicial,data_final) VALUES (231,31,11,'2019-03-23T19:21:25','2019-03-24T01:24:20');
INSERT INTO Sessao(IDSessao,ID,IDJogo,data_inicial,data_final) VALUES (232,31,11,'2019-03-24T01:31:53','2019-03-24T02:20:30');
INSERT INTO Sessao(IDSessao,ID,IDJogo,data_inicial,data_final) VALUES (233,31,11,'2019-03-24T10:03:03','2019-03-24T15:10:02');
INSERT INTO Sessao(IDSessao,ID,IDJogo,data_inicial,data_final) VALUES (234,31,11,'2019-03-24T16:29:04','2019-03-24T17:50:43');
INSERT INTO Sessao(IDSessao,ID,IDJogo,data_inicial,data_final) VALUES (235,31,11,'2019-03-24T18:00:12','2019-03-24T18:39:31');
INSERT INTO Sessao(IDSessao,ID,IDJogo,data_inicial,data_final) VALUES (236,31,2,'2019-03-24T19:03:03','2019-03-25T01:50:39');
INSERT INTO Sessao(IDSessao,ID,IDJogo,data_inicial,data_final) VALUES (237,31,2,'2019-03-25T03:02:10','2019-03-25T03:32:27');
INSERT INTO Sessao(IDSessao,ID,IDJogo,data_inicial,data_final) VALUES (238,31,2,'2019-03-25T12:19:28','2019-03-25T12:41:50');
INSERT INTO Sessao(IDSessao,ID,IDJogo,data_inicial,data_final) VALUES (239,32,3,'2019-03-25T18:47:50','2019-03-25T23:43:24');
INSERT INTO Sessao(IDSessao,ID,IDJogo,data_inicial,data_final) VALUES (240,32,3,'2019-03-26T00:26:20','2019-03-26T00:35:30');
INSERT INTO Sessao(IDSessao,ID,IDJogo,data_inicial,data_final) VALUES (241,32,3,'2019-03-26T03:25:00','2019-03-26T06:31:24');
INSERT INTO Sessao(IDSessao,ID,IDJogo,data_inicial,data_final) VALUES (242,32,3,'2019-03-26T07:23:21','2019-03-26T10:43:20');
INSERT INTO Sessao(IDSessao,ID,IDJogo,data_inicial,data_final) VALUES (243,32,6,'2019-03-26T13:32:08','2019-03-26T20:20:32');
INSERT INTO Sessao(IDSessao,ID,IDJogo,data_inicial,data_final) VALUES (244,32,6,'2019-03-26T22:04:59','2019-03-27T00:21:50');
INSERT INTO Sessao(IDSessao,ID,IDJogo,data_inicial,data_final) VALUES (245,32,6,'2019-03-27T01:11:22','2019-03-27T03:51:54');
INSERT INTO Sessao(IDSessao,ID,IDJogo,data_inicial,data_final) VALUES (246,32,10,'2019-03-27T04:37:49','2019-03-27T06:04:29');
INSERT INTO Sessao(IDSessao,ID,IDJogo,data_inicial,data_final) VALUES (247,32,10,'2019-03-27T09:03:00','2019-03-27T10:29:46');
INSERT INTO Sessao(IDSessao,ID,IDJogo,data_inicial,data_final) VALUES (248,32,9,'2019-03-27T13:56:44','2019-03-27T14:15:42');
INSERT INTO Sessao(IDSessao,ID,IDJogo,data_inicial,data_final) VALUES (249,33,8,'2019-03-27T20:50:23','2019-03-28T00:13:39');
INSERT INTO Sessao(IDSessao,ID,IDJogo,data_inicial,data_final) VALUES (250,33,14,'2019-03-28T06:31:34','2019-03-28T10:55:37');
INSERT INTO Sessao(IDSessao,ID,IDJogo,data_inicial,data_final) VALUES (251,33,14,'2019-03-28T17:22:43','2019-03-28T18:27:19');
INSERT INTO Sessao(IDSessao,ID,IDJogo,data_inicial,data_final) VALUES (252,33,14,'2019-03-28T21:34:36','2019-03-29T00:17:20');
INSERT INTO Sessao(IDSessao,ID,IDJogo,data_inicial,data_final) VALUES (253,33,14,'2019-03-29T04:13:49','2019-03-29T06:26:39');
INSERT INTO Sessao(IDSessao,ID,IDJogo,data_inicial,data_final) VALUES (254,34,4,'2019-03-29T06:50:14','2019-03-29T10:53:03');
INSERT INTO Sessao(IDSessao,ID,IDJogo,data_inicial,data_final) VALUES (255,34,4,'2019-03-29T14:41:11','2019-03-29T16:05:14');
INSERT INTO Sessao(IDSessao,ID,IDJogo,data_inicial,data_final) VALUES (256,35,10,'2019-03-29T20:59:26','2019-03-29T22:01:01');
INSERT INTO Sessao(IDSessao,ID,IDJogo,data_inicial,data_final) VALUES (257,35,10,'2019-03-29T22:56:09','2019-03-30T04:13:36');
INSERT INTO Sessao(IDSessao,ID,IDJogo,data_inicial,data_final) VALUES (258,36,14,'2019-03-30T04:16:09','2019-03-30T07:16:07');
INSERT INTO Sessao(IDSessao,ID,IDJogo,data_inicial,data_final) VALUES (259,36,14,'2019-03-30T09:47:16','2019-03-30T11:15:43');
INSERT INTO Sessao(IDSessao,ID,IDJogo,data_inicial,data_final) VALUES (260,36,14,'2019-03-30T12:44:54','2019-03-30T23:05:45');
INSERT INTO Sessao(IDSessao,ID,IDJogo,data_inicial,data_final) VALUES (261,36,14,'2019-03-31T04:03:46','2019-03-31T05:52:12');
INSERT INTO Sessao(IDSessao,ID,IDJogo,data_inicial,data_final) VALUES (262,37,9,'2019-03-31T09:27:15','2019-03-31T11:10:12');
INSERT INTO Sessao(IDSessao,ID,IDJogo,data_inicial,data_final) VALUES (263,37,9,'2019-03-31T19:54:27','2019-03-31T22:54:49');
INSERT INTO Sessao(IDSessao,ID,IDJogo,data_inicial,data_final) VALUES (264,37,11,'2019-04-01T02:28:39','2019-04-01T03:51:30');
INSERT INTO Sessao(IDSessao,ID,IDJogo,data_inicial,data_final) VALUES (265,37,11,'2019-04-01T06:00:46','2019-04-01T16:29:15');
INSERT INTO Sessao(IDSessao,ID,IDJogo,data_inicial,data_final) VALUES (266,37,11,'2019-04-01T23:35:29','2019-04-02T02:22:21');
INSERT INTO Sessao(IDSessao,ID,IDJogo,data_inicial,data_final) VALUES (267,37,11,'2019-04-02T05:34:53','2019-04-02T12:32:18');
INSERT INTO Sessao(IDSessao,ID,IDJogo,data_inicial,data_final) VALUES (268,37,11,'2019-04-02T23:04:00','2019-04-03T03:53:46');
INSERT INTO Sessao(IDSessao,ID,IDJogo,data_inicial,data_final) VALUES (269,38,4,'2019-04-03T06:53:21','2019-04-03T11:33:29');
INSERT INTO Sessao(IDSessao,ID,IDJogo,data_inicial,data_final) VALUES (270,38,4,'2019-04-03T15:09:54','2019-04-03T15:17:07');
INSERT INTO Sessao(IDSessao,ID,IDJogo,data_inicial,data_final) VALUES (271,38,4,'2019-04-03T18:06:57','2019-04-03T19:39:12');
INSERT INTO Sessao(IDSessao,ID,IDJogo,data_inicial,data_final) VALUES (272,38,4,'2019-04-04T13:38:57','2019-04-04T17:03:18');
INSERT INTO Sessao(IDSessao,ID,IDJogo,data_inicial,data_final) VALUES (273,38,10,'2019-04-05T06:41:33','2019-04-05T06:42:30');
INSERT INTO Sessao(IDSessao,ID,IDJogo,data_inicial,data_final) VALUES (274,38,10,'2019-04-05T13:19:33','2019-04-05T21:47:29');
INSERT INTO Sessao(IDSessao,ID,IDJogo,data_inicial,data_final) VALUES (275,38,10,'2019-04-06T02:49:14','2019-04-06T05:59:47');
INSERT INTO Sessao(IDSessao,ID,IDJogo,data_inicial,data_final) VALUES (276,38,3,'2019-04-06T11:00:32','2019-04-06T18:54:59');
INSERT INTO Sessao(IDSessao,ID,IDJogo,data_inicial,data_final) VALUES (277,38,3,'2019-04-06T20:02:26','2019-04-07T00:57:19');
INSERT INTO Sessao(IDSessao,ID,IDJogo,data_inicial,data_final) VALUES (278,39,4,'2019-04-07T01:55:57','2019-04-07T03:24:35');
INSERT INTO Sessao(IDSessao,ID,IDJogo,data_inicial,data_final) VALUES (279,40,6,'2019-04-07T07:08:12','2019-04-07T07:46:56');
INSERT INTO Sessao(IDSessao,ID,IDJogo,data_inicial,data_final) VALUES (280,40,6,'2019-04-07T09:36:06','2019-04-07T13:22:58');
INSERT INTO Sessao(IDSessao,ID,IDJogo,data_inicial,data_final) VALUES (281,40,6,'2019-04-07T19:13:28','2019-04-07T19:44:04');
INSERT INTO Sessao(IDSessao,ID,IDJogo,data_inicial,data_final) VALUES (282,40,6,'2019-04-08T03:39:06','2019-04-08T21:00:42');
INSERT INTO Sessao(IDSessao,ID,IDJogo,data_inicial,data_final) VALUES (283,40,6,'2019-04-08T21:18:55','2019-04-09T07:47:39');
INSERT INTO Sessao(IDSessao,ID,IDJogo,data_inicial,data_final) VALUES (284,40,8,'2019-04-09T16:57:14','2019-04-09T17:13:23');
INSERT INTO Sessao(IDSessao,ID,IDJogo,data_inicial,data_final) VALUES (285,40,5,'2019-04-09T18:38:46','2019-04-10T00:54:06');
INSERT INTO Sessao(IDSessao,ID,IDJogo,data_inicial,data_final) VALUES (286,40,6,'2019-04-10T01:12:45','2019-04-10T04:43:36');
INSERT INTO Sessao(IDSessao,ID,IDJogo,data_inicial,data_final) VALUES (287,40,6,'2019-04-10T08:21:14','2019-04-11T02:25:35');
INSERT INTO Sessao(IDSessao,ID,IDJogo,data_inicial,data_final) VALUES (288,40,6,'2019-04-11T09:42:09','2019-04-11T11:14:55');
INSERT INTO Sessao(IDSessao,ID,IDJogo,data_inicial,data_final) VALUES (289,40,6,'2019-04-11T16:26:55','2019-04-12T06:30:30');
INSERT INTO Sessao(IDSessao,ID,IDJogo,data_inicial,data_final) VALUES (290,40,6,'2019-04-12T08:03:28','2019-04-12T11:28:43');

--Torneio
INSERT INTO Torneio(IDTorneio,nome,data_inicial,data_final,IDJogo) VALUES (1, 'Abelich Tournament', '2016-12-14', '2016-12-21', 1);
INSERT INTO Torneio(IDTorneio,nome,data_inicial,data_final,IDJogo) VALUES (2, 'Afeathien Tournament', '2016-06-22', '2016-07-22', 8);
INSERT INTO Torneio(IDTorneio,nome,data_inicial,data_final,IDJogo) VALUES (3, 'Afienidd Tournament', '2017-01-04', '2017-01-18', 13);
INSERT INTO Torneio(IDTorneio,nome,data_inicial,data_final,IDJogo) VALUES (4, 'All-American Cornhole No Pain, No Gain Tournament', '2018-07-10', '2018-07-11', 19);
INSERT INTO Torneio(IDTorneio,nome,data_inicial,data_final,IDJogo) VALUES (5, 'Astardos Tournament', '2018-07-27', '2018-07-27', 20);
INSERT INTO Torneio(IDTorneio,nome,data_inicial,data_final,IDJogo) VALUES (6, 'Beish Tournament', '2018-10-08', '2018-10-08', 24);

--Premio
INSERT INTO Premio(IDPremio,quantia,entregue,classificacao) VALUES (1, 384.56, 1, 1);
INSERT INTO Premio(IDPremio,quantia,entregue,classificacao) VALUES (2, 331.88, 1, 2);
INSERT INTO Premio(IDPremio,quantia,entregue,classificacao) VALUES (3, 122.56, 1, 1);
INSERT INTO Premio(IDPremio,quantia,entregue,classificacao) VALUES (4, 58.98, 1, 2);
INSERT INTO Premio(IDPremio,quantia,entregue,classificacao) VALUES (5, 0.34, 0, 3);
INSERT INTO Premio(IDPremio,quantia,entregue,classificacao) VALUES (6, 846.14, 1, 1);
INSERT INTO Premio(IDPremio,quantia,entregue,classificacao) VALUES (7, 464.67, 0, 2);
INSERT INTO Premio(IDPremio,quantia,entregue,classificacao) VALUES (8, 374.11, 0, 3);
INSERT INTO Premio(IDPremio,quantia,entregue,classificacao) VALUES (9, 438.28, 1, 4);
INSERT INTO Premio(IDPremio,quantia,entregue,classificacao) VALUES (10, 478.34, 1, 5);
INSERT INTO Premio(IDPremio,quantia,entregue,classificacao) VALUES (11, 115.7, 0, 1);
INSERT INTO Premio(IDPremio,quantia,entregue,classificacao) VALUES (12, 774.81, 0, 2);
INSERT INTO Premio(IDPremio,quantia,entregue,classificacao) VALUES (13, 327.83, 1, 3);
INSERT INTO Premio(IDPremio,quantia,entregue,classificacao) VALUES (14, 246.86, 0, 4);
INSERT INTO Premio(IDPremio,quantia,entregue,classificacao) VALUES (15, 224.01, 0, 5);
INSERT INTO Premio(IDPremio,quantia,entregue,classificacao) VALUES (16, 799.51, 1, 1);
INSERT INTO Premio(IDPremio,quantia,entregue,classificacao) VALUES (17, 519.96, 1, 2);
INSERT INTO Premio(IDPremio,quantia,entregue,classificacao) VALUES (18, 593.9, 0, 3);
INSERT INTO Premio(IDPremio,quantia,entregue,classificacao) VALUES (19, 344.67, 0, 1);
INSERT INTO Premio(IDPremio,quantia,entregue,classificacao) VALUES (20, 779.18, 1, 2);

--EntregaPremio
INSERT INTO EntregaPremio(IDTorneio,IDPremio) VALUES (1, 1);
INSERT INTO EntregaPremio(IDTorneio,IDPremio) VALUES (1, 2);
INSERT INTO EntregaPremio(IDTorneio,IDPremio) VALUES (1, 3);
INSERT INTO EntregaPremio(IDTorneio,IDPremio) VALUES (1, 4);
INSERT INTO EntregaPremio(IDTorneio,IDPremio) VALUES (1, 5);
INSERT INTO EntregaPremio(IDTorneio,IDPremio) VALUES (2, 6);
INSERT INTO EntregaPremio(IDTorneio,IDPremio) VALUES (2, 7);
INSERT INTO EntregaPremio(IDTorneio,IDPremio) VALUES (2, 8);
INSERT INTO EntregaPremio(IDTorneio,IDPremio) VALUES (2, 9);
INSERT INTO EntregaPremio(IDTorneio,IDPremio) VALUES (2, 10);
INSERT INTO EntregaPremio(IDTorneio,IDPremio) VALUES (3, 11);
INSERT INTO EntregaPremio(IDTorneio,IDPremio) VALUES (3, 12);
INSERT INTO EntregaPremio(IDTorneio,IDPremio) VALUES (3, 13);
INSERT INTO EntregaPremio(IDTorneio,IDPremio) VALUES (3, 14);
INSERT INTO EntregaPremio(IDTorneio,IDPremio) VALUES (3, 15);
INSERT INTO EntregaPremio(IDTorneio,IDPremio) VALUES (5, 16);
INSERT INTO EntregaPremio(IDTorneio,IDPremio) VALUES (5, 17);
INSERT INTO EntregaPremio(IDTorneio,IDPremio) VALUES (5, 18);
INSERT INTO EntregaPremio(IDTorneio,IDPremio) VALUES (6, 19);
INSERT INTO EntregaPremio(IDTorneio,IDPremio) VALUES (6, 20);

--Participacao
INSERT INTO Participacao(ID,IDTorneio,classificacao) VALUES (1,5,13);
INSERT INTO Participacao(ID,IDTorneio,classificacao) VALUES (1,2,9);
INSERT INTO Participacao(ID,IDTorneio,classificacao) VALUES (3,2,2);
INSERT INTO Participacao(ID,IDTorneio,classificacao) VALUES (4,3,5);
INSERT INTO Participacao(ID,IDTorneio,classificacao) VALUES (4,6,2);
INSERT INTO Participacao(ID,IDTorneio,classificacao) VALUES (4,1,7);
INSERT INTO Participacao(ID,IDTorneio,classificacao) VALUES (7,4,3);
INSERT INTO Participacao(ID,IDTorneio,classificacao) VALUES (7,3,3);
INSERT INTO Participacao(ID,IDTorneio,classificacao) VALUES (8,2,3);
INSERT INTO Participacao(ID,IDTorneio,classificacao) VALUES (8,6,13);
INSERT INTO Participacao(ID,IDTorneio,classificacao) VALUES (8,1,4);
INSERT INTO Participacao(ID,IDTorneio,classificacao) VALUES (9,4,14);
INSERT INTO Participacao(ID,IDTorneio,classificacao) VALUES (11,5,10);
INSERT INTO Participacao(ID,IDTorneio,classificacao) VALUES (11,4,7);
INSERT INTO Participacao(ID,IDTorneio,classificacao) VALUES (11,6,15);
INSERT INTO Participacao(ID,IDTorneio,classificacao) VALUES (12,3,15);
INSERT INTO Participacao(ID,IDTorneio,classificacao) VALUES (13,1,9);
INSERT INTO Participacao(ID,IDTorneio,classificacao) VALUES (13,5,2);
INSERT INTO Participacao(ID,IDTorneio,classificacao) VALUES (13,3,12);
INSERT INTO Participacao(ID,IDTorneio,classificacao) VALUES (14,3,6);
INSERT INTO Participacao(ID,IDTorneio,classificacao) VALUES (16,4,1);
INSERT INTO Participacao(ID,IDTorneio,classificacao) VALUES (20,1,1);
INSERT INTO Participacao(ID,IDTorneio,classificacao) VALUES (20,3,13);
INSERT INTO Participacao(ID,IDTorneio,classificacao) VALUES (21,3,8);
INSERT INTO Participacao(ID,IDTorneio,classificacao) VALUES (23,2,13);
INSERT INTO Participacao(ID,IDTorneio,classificacao) VALUES (23,1,12);
INSERT INTO Participacao(ID,IDTorneio,classificacao) VALUES (25,1,10);
INSERT INTO Participacao(ID,IDTorneio,classificacao) VALUES (25,6,1);
INSERT INTO Participacao(ID,IDTorneio,classificacao) VALUES (26,3,14);
INSERT INTO Participacao(ID,IDTorneio,classificacao) VALUES (26,6,7);
INSERT INTO Participacao(ID,IDTorneio,classificacao) VALUES (32,4,15);
INSERT INTO Participacao(ID,IDTorneio,classificacao) VALUES (34,4,8);
INSERT INTO Participacao(ID,IDTorneio,classificacao) VALUES (35,6,10);
INSERT INTO Participacao(ID,IDTorneio,classificacao) VALUES (36,4,2);
INSERT INTO Participacao(ID,IDTorneio,classificacao) VALUES (36,6,4);
INSERT INTO Participacao(ID,IDTorneio,classificacao) VALUES (36,1,6);
INSERT INTO Participacao(ID,IDTorneio,classificacao) VALUES (40,3,11);

--Grupo
INSERT INTO Grupo(IDGrupo,nome,data_de_criacao,data_de_eliminacao) VALUES (1,'Aberrant Abstract Demons', '2004-12-13', null);
INSERT INTO Grupo(IDGrupo,nome,data_de_criacao,data_de_eliminacao) VALUES (2,'Abject Curve', '2005-12-15', null);
INSERT INTO Grupo(IDGrupo,nome,data_de_criacao,data_de_eliminacao) VALUES (3,'Advertisement', '2006-07-20', null);
INSERT INTO Grupo(IDGrupo,nome,data_de_criacao,data_de_eliminacao) VALUES (4,'Angry Mountain Sensation', '2007-03-09', null);
INSERT INTO Grupo(IDGrupo,nome,data_de_criacao,data_de_eliminacao) VALUES (5,'Antagonist Dreak Kill', '2007-04-12', null);
INSERT INTO Grupo(IDGrupo,nome,data_de_criacao,data_de_eliminacao) VALUES (6,'Beyond Mayhem', '2008-07-03', '2010-07-24');

--Estatuto
INSERT INTO Estatuto(IDEstatuto,nome) VALUES (1,'Administrador');
INSERT INTO Estatuto(IDEstatuto,nome) VALUES (2,'Membro Honorario');
INSERT INTO Estatuto(IDEstatuto,nome) VALUES (3,'Membro Comum');

--Adesao
INSERT INTO Adesao(IDAdesao,data_de_adesao,data_de_expulsao,IDEstatuto,IDGrupo,ID) VALUES (1, '2009-05-02', null, 3, 1, 1);
INSERT INTO Adesao(IDAdesao,data_de_adesao,data_de_expulsao,IDEstatuto,IDGrupo,ID) VALUES (2, '2010-06-01', null, 2, 2, 1);
INSERT INTO Adesao(IDAdesao,data_de_adesao,data_de_expulsao,IDEstatuto,IDGrupo,ID) VALUES (3, '2011-02-06', null, 3, 3, 2);
INSERT INTO Adesao(IDAdesao,data_de_adesao,data_de_expulsao,IDEstatuto,IDGrupo,ID) VALUES (4, '2010-11-18', null, 1, 4, 2);
INSERT INTO Adesao(IDAdesao,data_de_adesao,data_de_expulsao,IDEstatuto,IDGrupo,ID) VALUES (5, '2012-03-14', null, 3, 5, 2);
INSERT INTO Adesao(IDAdesao,data_de_adesao,data_de_expulsao,IDEstatuto,IDGrupo,ID) VALUES (6, '2013-08-06', null, 2, 6, 2);
INSERT INTO Adesao(IDAdesao,data_de_adesao,data_de_expulsao,IDEstatuto,IDGrupo,ID) VALUES (7, '2013-07-29', null, 3, 1, 3);
INSERT INTO Adesao(IDAdesao,data_de_adesao,data_de_expulsao,IDEstatuto,IDGrupo,ID) VALUES (8, '2012-12-08', null, 1, 3, 3);
INSERT INTO Adesao(IDAdesao,data_de_adesao,data_de_expulsao,IDEstatuto,IDGrupo,ID) VALUES (9, '2014-02-14', null, 3, 3, 4);
INSERT INTO Adesao(IDAdesao,data_de_adesao,data_de_expulsao,IDEstatuto,IDGrupo,ID) VALUES (10, '2009-06-01', null, 3, 2, 5);
INSERT INTO Adesao(IDAdesao,data_de_adesao,data_de_expulsao,IDEstatuto,IDGrupo,ID) VALUES (11, '2017-03-10', '2018-10-25', 3, 5, 5);
INSERT INTO Adesao(IDAdesao,data_de_adesao,data_de_expulsao,IDEstatuto,IDGrupo,ID) VALUES (12, '2017-08-18', null, 1, 6, 7);
INSERT INTO Adesao(IDAdesao,data_de_adesao,data_de_expulsao,IDEstatuto,IDGrupo,ID) VALUES (13, '2009-02-25', null, 3, 6, 7);
INSERT INTO Adesao(IDAdesao,data_de_adesao,data_de_expulsao,IDEstatuto,IDGrupo,ID) VALUES (14, '2010-01-27', null, 2, 4, 8);
INSERT INTO Adesao(IDAdesao,data_de_adesao,data_de_expulsao,IDEstatuto,IDGrupo,ID) VALUES (15, '2011-07-19', null, 1, 1, 8);
INSERT INTO Adesao(IDAdesao,data_de_adesao,data_de_expulsao,IDEstatuto,IDGrupo,ID) VALUES (16, '2011-08-31', null, 1, 2, 8);
INSERT INTO Adesao(IDAdesao,data_de_adesao,data_de_expulsao,IDEstatuto,IDGrupo,ID) VALUES (17, '2013-10-14', '2018-12-10', 1, 2, 9);
INSERT INTO Adesao(IDAdesao,data_de_adesao,data_de_expulsao,IDEstatuto,IDGrupo,ID) VALUES (18, '2014-02-10', null, 3, 5, 10);
INSERT INTO Adesao(IDAdesao,data_de_adesao,data_de_expulsao,IDEstatuto,IDGrupo,ID) VALUES (19, '2014-09-10', null, 2, 3, 11);
INSERT INTO Adesao(IDAdesao,data_de_adesao,data_de_expulsao,IDEstatuto,IDGrupo,ID) VALUES (20, '2014-10-29', null, 3, 5, 12);
INSERT INTO Adesao(IDAdesao,data_de_adesao,data_de_expulsao,IDEstatuto,IDGrupo,ID) VALUES (21, '2015-07-06', null, 3, 4, 12);
INSERT INTO Adesao(IDAdesao,data_de_adesao,data_de_expulsao,IDEstatuto,IDGrupo,ID) VALUES (22, '2017-02-15', null, 2, 1, 12);
INSERT INTO Adesao(IDAdesao,data_de_adesao,data_de_expulsao,IDEstatuto,IDGrupo,ID) VALUES (23, '2017-10-13', null, 3, 2, 13);
INSERT INTO Adesao(IDAdesao,data_de_adesao,data_de_expulsao,IDEstatuto,IDGrupo,ID) VALUES (24, '2018-09-06', null, 1, 1, 13);
INSERT INTO Adesao(IDAdesao,data_de_adesao,data_de_expulsao,IDEstatuto,IDGrupo,ID) VALUES (25, '2018-09-25', null, 1, 1, 14);
INSERT INTO Adesao(IDAdesao,data_de_adesao,data_de_expulsao,IDEstatuto,IDGrupo,ID) VALUES (26, '2017-06-14', '2018-03-28', 2, 4, 14);
INSERT INTO Adesao(IDAdesao,data_de_adesao,data_de_expulsao,IDEstatuto,IDGrupo,ID) VALUES (27, '2009-05-14', null, 3, 4, 14);
INSERT INTO Adesao(IDAdesao,data_de_adesao,data_de_expulsao,IDEstatuto,IDGrupo,ID) VALUES (28, '2009-10-01', null, 1, 2, 15);
INSERT INTO Adesao(IDAdesao,data_de_adesao,data_de_expulsao,IDEstatuto,IDGrupo,ID) VALUES (29, '2008-08-06', null, 3, 1, 17);
INSERT INTO Adesao(IDAdesao,data_de_adesao,data_de_expulsao,IDEstatuto,IDGrupo,ID) VALUES (30, '2010-10-15', null, 1, 3, 17);
INSERT INTO Adesao(IDAdesao,data_de_adesao,data_de_expulsao,IDEstatuto,IDGrupo,ID) VALUES (31, '2011-08-17', null, 3, 2, 18);
INSERT INTO Adesao(IDAdesao,data_de_adesao,data_de_expulsao,IDEstatuto,IDGrupo,ID) VALUES (32, '2010-02-21', '2012-02-06', 3, 2, 19);
INSERT INTO Adesao(IDAdesao,data_de_adesao,data_de_expulsao,IDEstatuto,IDGrupo,ID) VALUES (33, '2011-04-19', '2012-05-08', 1, 1, 20);
INSERT INTO Adesao(IDAdesao,data_de_adesao,data_de_expulsao,IDEstatuto,IDGrupo,ID) VALUES (34, '2014-02-28', null, 1, 3, 22);
INSERT INTO Adesao(IDAdesao,data_de_adesao,data_de_expulsao,IDEstatuto,IDGrupo,ID) VALUES (35, '2014-03-27', null, 1, 6, 22);
INSERT INTO Adesao(IDAdesao,data_de_adesao,data_de_expulsao,IDEstatuto,IDGrupo,ID) VALUES (36, '2012-07-08', null, 1, 6, 23);
INSERT INTO Adesao(IDAdesao,data_de_adesao,data_de_expulsao,IDEstatuto,IDGrupo,ID) VALUES (37, '2012-12-30', null, 1, 6, 24);
INSERT INTO Adesao(IDAdesao,data_de_adesao,data_de_expulsao,IDEstatuto,IDGrupo,ID) VALUES (38, '2010-03-08', null, 1, 2, 24);
INSERT INTO Adesao(IDAdesao,data_de_adesao,data_de_expulsao,IDEstatuto,IDGrupo,ID) VALUES (39, '2010-08-13', null, 2, 2, 24);
INSERT INTO Adesao(IDAdesao,data_de_adesao,data_de_expulsao,IDEstatuto,IDGrupo,ID) VALUES (40, '2011-02-21', null, 2, 3, 25);
